artists,disc_number,duration_ms,explicit,href,id,is_local,name,preview_url,track_number,type,uri,external_urls.spotify,popularity,album_name
Caetano Veloso,1,189615,FALSE,https://api.spotify.com/v1/tracks/1Mqte6Op3X3yD7QTptpbBp,1Mqte6Op3X3yD7QTptpbBp,FALSE,Meu Coco,https://p.scdn.co/mp3-preview/3fe7cce823bbc7e05b573a1130b1516736ef9c6f?cid=bed096ba738b4beaa51cf1bf50ceed15,1,track,spotify:track:1Mqte6Op3X3yD7QTptpbBp,https://open.spotify.com/track/1Mqte6Op3X3yD7QTptpbBp,43,Meu Coco
Caetano Veloso,1,245599,FALSE,https://api.spotify.com/v1/tracks/06SQ9CQMU5rsRLLhd2JGhr,06SQ9CQMU5rsRLLhd2JGhr,FALSE,Ciclâmen do Líbano,https://p.scdn.co/mp3-preview/74929572f5bc91296290475e82c8a4edf7c05aae?cid=bed096ba738b4beaa51cf1bf50ceed15,2,track,spotify:track:06SQ9CQMU5rsRLLhd2JGhr,https://open.spotify.com/track/06SQ9CQMU5rsRLLhd2JGhr,39,Meu Coco
Caetano Veloso,1,232114,FALSE,https://api.spotify.com/v1/tracks/4EuI8U1vNiNKcsevSGHfMY,4EuI8U1vNiNKcsevSGHfMY,FALSE,Anjos Tronchos,https://p.scdn.co/mp3-preview/1b4795abc156abab15c809217edffb7f9cb93194?cid=bed096ba738b4beaa51cf1bf50ceed15,3,track,spotify:track:4EuI8U1vNiNKcsevSGHfMY,https://open.spotify.com/track/4EuI8U1vNiNKcsevSGHfMY,41,Meu Coco
Caetano Veloso,1,251738,FALSE,https://api.spotify.com/v1/tracks/1TVrt7EWaqTLOSi8ZT1TG8,1TVrt7EWaqTLOSi8ZT1TG8,FALSE,Não Vou Deixar,https://p.scdn.co/mp3-preview/853d3b3d45b0d53452af2033a443397e524943f9?cid=bed096ba738b4beaa51cf1bf50ceed15,4,track,spotify:track:1TVrt7EWaqTLOSi8ZT1TG8,https://open.spotify.com/track/1TVrt7EWaqTLOSi8ZT1TG8,46,Meu Coco
Caetano Veloso,1,138866,FALSE,https://api.spotify.com/v1/tracks/4IEhFYs3I0iwODuKIwNPuJ,4IEhFYs3I0iwODuKIwNPuJ,FALSE,Autoacalanto,https://p.scdn.co/mp3-preview/b7704bf29fe9f1301ddfc60e9f226ba76eda596c?cid=bed096ba738b4beaa51cf1bf50ceed15,5,track,spotify:track:4IEhFYs3I0iwODuKIwNPuJ,https://open.spotify.com/track/4IEhFYs3I0iwODuKIwNPuJ,40,Meu Coco
Caetano Veloso,1,289807,FALSE,https://api.spotify.com/v1/tracks/5NQ0Nl45i2kxdB3wP4A44p,5NQ0Nl45i2kxdB3wP4A44p,FALSE,Enzo Gabriel,https://p.scdn.co/mp3-preview/f60ff3bcc2169a99d297c5357e316f1ef7e90969?cid=bed096ba738b4beaa51cf1bf50ceed15,6,track,spotify:track:5NQ0Nl45i2kxdB3wP4A44p,https://open.spotify.com/track/5NQ0Nl45i2kxdB3wP4A44p,39,Meu Coco
Caetano Veloso,1,241723,FALSE,https://api.spotify.com/v1/tracks/7FDVRQuzthfjvtCtmeAsFi,7FDVRQuzthfjvtCtmeAsFi,FALSE,GilGal,https://p.scdn.co/mp3-preview/934fe8035e1cdb11972441a65cb9b678b6eeeb75?cid=bed096ba738b4beaa51cf1bf50ceed15,7,track,spotify:track:7FDVRQuzthfjvtCtmeAsFi,https://open.spotify.com/track/7FDVRQuzthfjvtCtmeAsFi,40,Meu Coco
Caetano Veloso,1,188721,FALSE,https://api.spotify.com/v1/tracks/4wchNT7SdCct9PZfPtqIQH,4wchNT7SdCct9PZfPtqIQH,FALSE,Cobre,https://p.scdn.co/mp3-preview/d31d1fabc46ead493c5b94dc4cbcb0b7e1c1880b?cid=bed096ba738b4beaa51cf1bf50ceed15,8,track,spotify:track:4wchNT7SdCct9PZfPtqIQH,https://open.spotify.com/track/4wchNT7SdCct9PZfPtqIQH,38,Meu Coco
Caetano Veloso,1,224534,FALSE,https://api.spotify.com/v1/tracks/0Y8zkKLXfOJXKx52snADKS,0Y8zkKLXfOJXKx52snADKS,FALSE,Pardo,https://p.scdn.co/mp3-preview/7345a9081be3d56de9fafb9775d044a3db18aa85?cid=bed096ba738b4beaa51cf1bf50ceed15,9,track,spotify:track:0Y8zkKLXfOJXKx52snADKS,https://open.spotify.com/track/0Y8zkKLXfOJXKx52snADKS,39,Meu Coco
Caetano Veloso e Carminho,1,240355,FALSE,https://api.spotify.com/v1/tracks/4v0dwfxRuwR1l13h4xWFQY,4v0dwfxRuwR1l13h4xWFQY,FALSE,Você-Você,https://p.scdn.co/mp3-preview/7c60d9113b8873c3a87672ee655ccfef911edaca?cid=bed096ba738b4beaa51cf1bf50ceed15,10,track,spotify:track:4v0dwfxRuwR1l13h4xWFQY,https://open.spotify.com/track/4v0dwfxRuwR1l13h4xWFQY,42,Meu Coco
Caetano Veloso,1,212014,FALSE,https://api.spotify.com/v1/tracks/1pIwgYq2uM1Q2nu9DTODGP,1pIwgYq2uM1Q2nu9DTODGP,FALSE,Sem Samba Não Dá,https://p.scdn.co/mp3-preview/0bd155315de310003c71f7d6a5ac19b022fde1d7?cid=bed096ba738b4beaa51cf1bf50ceed15,11,track,spotify:track:1pIwgYq2uM1Q2nu9DTODGP,https://open.spotify.com/track/1pIwgYq2uM1Q2nu9DTODGP,52,Meu Coco
Caetano Veloso,1,182853,FALSE,https://api.spotify.com/v1/tracks/0JjKTZwZ8eCwpbgwQXbkiH,0JjKTZwZ8eCwpbgwQXbkiH,FALSE,Noite de Cristal,https://p.scdn.co/mp3-preview/93d930f7964b626047e3a01681f10ab522b5e5a0?cid=bed096ba738b4beaa51cf1bf50ceed15,12,track,spotify:track:0JjKTZwZ8eCwpbgwQXbkiH,https://open.spotify.com/track/0JjKTZwZ8eCwpbgwQXbkiH,38,Meu Coco
Caetano Veloso e Ivan Sacerdote,1,327547,FALSE,https://api.spotify.com/v1/tracks/0FEBedIA25nyxkv1wySDsR,0FEBedIA25nyxkv1wySDsR,FALSE,Peter Gast,,1,track,spotify:track:0FEBedIA25nyxkv1wySDsR,https://open.spotify.com/track/0FEBedIA25nyxkv1wySDsR,35,Caetano Veloso & Ivan Sacerdote
Caetano Veloso e Ivan Sacerdote,1,179960,FALSE,https://api.spotify.com/v1/tracks/44FeUDFwSftFSLxmBJiSJ9,44FeUDFwSftFSLxmBJiSJ9,FALSE,Aquele Frevo Axé,,2,track,spotify:track:44FeUDFwSftFSLxmBJiSJ9,https://open.spotify.com/track/44FeUDFwSftFSLxmBJiSJ9,37,Caetano Veloso & Ivan Sacerdote
Caetano Veloso e Ivan Sacerdote,1,256427,FALSE,https://api.spotify.com/v1/tracks/4DpC2O2U16KoUHBcRuBUpR,4DpC2O2U16KoUHBcRuBUpR,FALSE,Trilhos Urbanos,,3,track,spotify:track:4DpC2O2U16KoUHBcRuBUpR,https://open.spotify.com/track/4DpC2O2U16KoUHBcRuBUpR,37,Caetano Veloso & Ivan Sacerdote
Caetano Veloso e Ivan Sacerdote,1,307912,FALSE,https://api.spotify.com/v1/tracks/57tNNwMHQEL8Y9j1wFTpPL,57tNNwMHQEL8Y9j1wFTpPL,FALSE,O Ciúme,,4,track,spotify:track:57tNNwMHQEL8Y9j1wFTpPL,https://open.spotify.com/track/57tNNwMHQEL8Y9j1wFTpPL,25,Caetano Veloso & Ivan Sacerdote
Caetano Veloso e Ivan Sacerdote,1,289348,FALSE,https://api.spotify.com/v1/tracks/5r79xB9MsR1BIIMLl02mII,5r79xB9MsR1BIIMLl02mII,FALSE,Você Não Gosta De Mim - Ao Vivo Em Nova York / 2019,,5,track,spotify:track:5r79xB9MsR1BIIMLl02mII,https://open.spotify.com/track/5r79xB9MsR1BIIMLl02mII,25,Caetano Veloso & Ivan Sacerdote
Caetano Veloso e Ivan Sacerdote,1,242709,FALSE,https://api.spotify.com/v1/tracks/1QiU2VWrAraCk8ljMP6lJX,1QiU2VWrAraCk8ljMP6lJX,FALSE,"Minha Voz, Minha Vida - Ao Vivo Em Nova York / 2019",,6,track,spotify:track:1QiU2VWrAraCk8ljMP6lJX,https://open.spotify.com/track/1QiU2VWrAraCk8ljMP6lJX,23,Caetano Veloso & Ivan Sacerdote
Caetano Veloso e Ivan Sacerdote e Mosquito,1,189701,FALSE,https://api.spotify.com/v1/tracks/6u3zpJDlUi7yJONqdixLmF,6u3zpJDlUi7yJONqdixLmF,FALSE,Onde O Rio É Mais Baiano - Ao Vivo Em Nova York / 2019,,7,track,spotify:track:6u3zpJDlUi7yJONqdixLmF,https://open.spotify.com/track/6u3zpJDlUi7yJONqdixLmF,35,Caetano Veloso & Ivan Sacerdote
Caetano Veloso e Ivan Sacerdote e Mosquito,1,233483,FALSE,https://api.spotify.com/v1/tracks/5mVzs9ECtDIgZzMjcCi6qE,5mVzs9ECtDIgZzMjcCi6qE,FALSE,Desde Que O Samba É Samba - Ao Vivo Em Nova York / 2019,,8,track,spotify:track:5mVzs9ECtDIgZzMjcCi6qE,https://open.spotify.com/track/5mVzs9ECtDIgZzMjcCi6qE,28,Caetano Veloso & Ivan Sacerdote
Caetano Veloso e Ivan Sacerdote,1,258967,FALSE,https://api.spotify.com/v1/tracks/2uWw6i5R54xxvuNzRXi88h,2uWw6i5R54xxvuNzRXi88h,FALSE,Manhatã - Ao Vivo Em Nova York / 2019,,9,track,spotify:track:2uWw6i5R54xxvuNzRXi88h,https://open.spotify.com/track/2uWw6i5R54xxvuNzRXi88h,22,Caetano Veloso & Ivan Sacerdote
Caetano Veloso e Moreno Veloso e Zeca Veloso e Tom Veloso,1,159700,FALSE,https://api.spotify.com/v1/tracks/4g9FZotDgtpioHkh3z92fp,4g9FZotDgtpioHkh3z92fp,FALSE,"Alegria, Alegria - Ao Vivo",,1,track,spotify:track:4g9FZotDgtpioHkh3z92fp,https://open.spotify.com/track/4g9FZotDgtpioHkh3z92fp,47,Ofertório (Ao Vivo)
Caetano Veloso e Zeca Veloso e Tom Veloso e Moreno Veloso,1,249151,FALSE,https://api.spotify.com/v1/tracks/6uTyql75fO49GqVRrBpi3s,6uTyql75fO49GqVRrBpi3s,FALSE,O Seu Amor - Ao Vivo,,2,track,spotify:track:6uTyql75fO49GqVRrBpi3s,https://open.spotify.com/track/6uTyql75fO49GqVRrBpi3s,37,Ofertório (Ao Vivo)
Caetano Veloso e Moreno Veloso e Tom Veloso,1,179447,FALSE,https://api.spotify.com/v1/tracks/5Za5LBkrwC7kw90ShVQKqF,5Za5LBkrwC7kw90ShVQKqF,FALSE,Boas Vindas - Ao Vivo,,3,track,spotify:track:5Za5LBkrwC7kw90ShVQKqF,https://open.spotify.com/track/5Za5LBkrwC7kw90ShVQKqF,41,Ofertório (Ao Vivo)
Zeca Veloso e Caetano Veloso e Moreno Veloso e Tom Veloso,1,221948,FALSE,https://api.spotify.com/v1/tracks/5yEOl0huND3DBIWnb39Twf,5yEOl0huND3DBIWnb39Twf,FALSE,Todo Homem - Ao Vivo,,4,track,spotify:track:5yEOl0huND3DBIWnb39Twf,https://open.spotify.com/track/5yEOl0huND3DBIWnb39Twf,49,Ofertório (Ao Vivo)
Caetano Veloso e Moreno Veloso e Zeca Veloso e Tom Veloso,1,135222,FALSE,https://api.spotify.com/v1/tracks/5lzoXf1XxDYB0pxLDiKQpi,5lzoXf1XxDYB0pxLDiKQpi,FALSE,Genipapo Absoluto - Ao Vivo,,5,track,spotify:track:5lzoXf1XxDYB0pxLDiKQpi,https://open.spotify.com/track/5lzoXf1XxDYB0pxLDiKQpi,35,Ofertório (Ao Vivo)
Caetano Veloso e Moreno Veloso,1,271093,FALSE,https://api.spotify.com/v1/tracks/41pIR82stNYrjo4UTadUdR,41pIR82stNYrjo4UTadUdR,FALSE,Um Passo À Frente - Ao Vivo,,6,track,spotify:track:41pIR82stNYrjo4UTadUdR,https://open.spotify.com/track/41pIR82stNYrjo4UTadUdR,39,Ofertório (Ao Vivo)
Caetano Veloso e Tom Veloso,1,189864,FALSE,https://api.spotify.com/v1/tracks/6Lw6qg6Eg2N3Xb8SiF7jhm,6Lw6qg6Eg2N3Xb8SiF7jhm,FALSE,Clarão - Ao Vivo,,7,track,spotify:track:6Lw6qg6Eg2N3Xb8SiF7jhm,https://open.spotify.com/track/6Lw6qg6Eg2N3Xb8SiF7jhm,34,Ofertório (Ao Vivo)
Moreno Veloso e Tom Veloso,1,207881,FALSE,https://api.spotify.com/v1/tracks/3riqh6qhhAfMbUOSWFp8B7,3riqh6qhhAfMbUOSWFp8B7,FALSE,De Tentar Voltar - Ao Vivo,,8,track,spotify:track:3riqh6qhhAfMbUOSWFp8B7,https://open.spotify.com/track/3riqh6qhhAfMbUOSWFp8B7,34,Ofertório (Ao Vivo)
Caetano Veloso e Moreno Veloso,1,126614,FALSE,https://api.spotify.com/v1/tracks/2fZy95ponNh0dWUHmN6OvM,2fZy95ponNh0dWUHmN6OvM,FALSE,A Tua Presença Morena - Ao Vivo,,9,track,spotify:track:2fZy95ponNh0dWUHmN6OvM,https://open.spotify.com/track/2fZy95ponNh0dWUHmN6OvM,35,Ofertório (Ao Vivo)
Caetano Veloso e Moreno Veloso,1,178909,FALSE,https://api.spotify.com/v1/tracks/6dOoikuJq30KBbNPAGXvDf,6dOoikuJq30KBbNPAGXvDf,FALSE,Trem Das Cores - Ao Vivo,,10,track,spotify:track:6dOoikuJq30KBbNPAGXvDf,https://open.spotify.com/track/6dOoikuJq30KBbNPAGXvDf,37,Ofertório (Ao Vivo)
Moreno Veloso e Tom Veloso,1,177338,FALSE,https://api.spotify.com/v1/tracks/1a7h2VKN96AvjPd9Bkv1Y3,1a7h2VKN96AvjPd9Bkv1Y3,FALSE,Um Só Lugar - Ao Vivo,,11,track,spotify:track:1a7h2VKN96AvjPd9Bkv1Y3,https://open.spotify.com/track/1a7h2VKN96AvjPd9Bkv1Y3,35,Ofertório (Ao Vivo)
Caetano Veloso e Moreno Veloso,1,155498,FALSE,https://api.spotify.com/v1/tracks/2vOmYcSXumsHBcoMuRhu9o,2vOmYcSXumsHBcoMuRhu9o,FALSE,Alexandrino - Ao Vivo,,12,track,spotify:track:2vOmYcSXumsHBcoMuRhu9o,https://open.spotify.com/track/2vOmYcSXumsHBcoMuRhu9o,32,Ofertório (Ao Vivo)
Caetano Veloso,1,225270,FALSE,https://api.spotify.com/v1/tracks/2dyO1eHqaTjNCRBEK7eOlo,2dyO1eHqaTjNCRBEK7eOlo,FALSE,Oração Ao Tempo - Ao Vivo,,13,track,spotify:track:2dyO1eHqaTjNCRBEK7eOlo,https://open.spotify.com/track/2dyO1eHqaTjNCRBEK7eOlo,49,Ofertório (Ao Vivo)
Caetano Veloso e Moreno Veloso e Zeca Veloso e Tom Veloso,1,104118,FALSE,https://api.spotify.com/v1/tracks/4kQjq5DWyqTqU1d0LpKgrR,4kQjq5DWyqTqU1d0LpKgrR,FALSE,Alguém Cantando - Ao Vivo,,14,track,spotify:track:4kQjq5DWyqTqU1d0LpKgrR,https://open.spotify.com/track/4kQjq5DWyqTqU1d0LpKgrR,36,Ofertório (Ao Vivo)
Caetano Veloso,1,115789,FALSE,https://api.spotify.com/v1/tracks/0gkeWFnkKD33PUusQO5osg,0gkeWFnkKD33PUusQO5osg,FALSE,Ofertório - Ao Vivo,,15,track,spotify:track:0gkeWFnkKD33PUusQO5osg,https://open.spotify.com/track/0gkeWFnkKD33PUusQO5osg,36,Ofertório (Ao Vivo)
Caetano Veloso,1,200045,FALSE,https://api.spotify.com/v1/tracks/1yiQ58cQrQH2xLF2AuvFq2,1yiQ58cQrQH2xLF2AuvFq2,FALSE,Reconvexo - Ao Vivo,,16,track,spotify:track:1yiQ58cQrQH2xLF2AuvFq2,https://open.spotify.com/track/1yiQ58cQrQH2xLF2AuvFq2,53,Ofertório (Ao Vivo)
Caetano Veloso e Zeca Veloso e Tom Veloso,1,202201,FALSE,https://api.spotify.com/v1/tracks/46zzG56N0WZaPNUkKZPX2B,46zzG56N0WZaPNUkKZPX2B,FALSE,Você Me Deu - Ao Vivo,,17,track,spotify:track:46zzG56N0WZaPNUkKZPX2B,https://open.spotify.com/track/46zzG56N0WZaPNUkKZPX2B,37,Ofertório (Ao Vivo)
Caetano Veloso e Moreno Veloso,1,176562,FALSE,https://api.spotify.com/v1/tracks/3ejU8JMenktibKkNz9dPBL,3ejU8JMenktibKkNz9dPBL,FALSE,O Leãozinho - Ao Vivo Em São Paulo / 2017,,18,track,spotify:track:3ejU8JMenktibKkNz9dPBL,https://open.spotify.com/track/3ejU8JMenktibKkNz9dPBL,55,Ofertório (Ao Vivo)
Caetano Veloso,1,211565,FALSE,https://api.spotify.com/v1/tracks/4FU85A6Sz8CRBC9Z8W8oIU,4FU85A6Sz8CRBC9Z8W8oIU,FALSE,Gente - Ao Vivo,,19,track,spotify:track:4FU85A6Sz8CRBC9Z8W8oIU,https://open.spotify.com/track/4FU85A6Sz8CRBC9Z8W8oIU,33,Ofertório (Ao Vivo)
Caetano Veloso e Moreno Veloso,1,147936,FALSE,https://api.spotify.com/v1/tracks/4IXZSkBJTgTm33uuBXfeug,4IXZSkBJTgTm33uuBXfeug,FALSE,Ninguém Viu - Ao Vivo,,20,track,spotify:track:4IXZSkBJTgTm33uuBXfeug,https://open.spotify.com/track/4IXZSkBJTgTm33uuBXfeug,30,Ofertório (Ao Vivo)
Caetano Veloso e Gilberto Gil,1,144866,FALSE,https://api.spotify.com/v1/tracks/2RcUIu5JZIlCgWidugtvfV,2RcUIu5JZIlCgWidugtvfV,FALSE,Back in Bahia - Ao Vivo,https://p.scdn.co/mp3-preview/b881519cd9e50048ec88e21ae1ed70d578fa01f9?cid=bed096ba738b4beaa51cf1bf50ceed15,1,track,spotify:track:2RcUIu5JZIlCgWidugtvfV,https://open.spotify.com/track/2RcUIu5JZIlCgWidugtvfV,42,"Dois Amigos, um Século de Música (Ao Vivo)"
Caetano Veloso e Gilberto Gil,1,140253,FALSE,https://api.spotify.com/v1/tracks/2vdqFQIx73cSoLuR1X7P9I,2vdqFQIx73cSoLuR1X7P9I,FALSE,Coração Vagabundo - Ao Vivo,https://p.scdn.co/mp3-preview/f721bd73fcb75d99c4ed168757a1d4e7a22aa8c7?cid=bed096ba738b4beaa51cf1bf50ceed15,2,track,spotify:track:2vdqFQIx73cSoLuR1X7P9I,https://open.spotify.com/track/2vdqFQIx73cSoLuR1X7P9I,30,"Dois Amigos, um Século de Música (Ao Vivo)"
Caetano Veloso e Gilberto Gil,1,213746,FALSE,https://api.spotify.com/v1/tracks/6rAx35vUXk4gNg8omdZkPG,6rAx35vUXk4gNg8omdZkPG,FALSE,Tropicália - Ao Vivo,https://p.scdn.co/mp3-preview/78851a9e3f2a70d2f165129a335a14562533e6f6?cid=bed096ba738b4beaa51cf1bf50ceed15,3,track,spotify:track:6rAx35vUXk4gNg8omdZkPG,https://open.spotify.com/track/6rAx35vUXk4gNg8omdZkPG,32,"Dois Amigos, um Século de Música (Ao Vivo)"
Caetano Veloso e Gilberto Gil,1,203520,FALSE,https://api.spotify.com/v1/tracks/2uIKrYhLAk4RhwkDQ2EbiL,2uIKrYhLAk4RhwkDQ2EbiL,FALSE,Marginália II - Ao Vivo,https://p.scdn.co/mp3-preview/6e39461c6345d18c3a6274a6bca665cb0b48e5bd?cid=bed096ba738b4beaa51cf1bf50ceed15,4,track,spotify:track:2uIKrYhLAk4RhwkDQ2EbiL,https://open.spotify.com/track/2uIKrYhLAk4RhwkDQ2EbiL,26,"Dois Amigos, um Século de Música (Ao Vivo)"
Caetano Veloso e Gilberto Gil,1,203546,FALSE,https://api.spotify.com/v1/tracks/4f5zr4fwJdf4z1FF9HosHQ,4f5zr4fwJdf4z1FF9HosHQ,FALSE,É Luxo Só - Ao Vivo,https://p.scdn.co/mp3-preview/aca7590040e6c81399a465dbd5c4bb24a82165da?cid=bed096ba738b4beaa51cf1bf50ceed15,5,track,spotify:track:4f5zr4fwJdf4z1FF9HosHQ,https://open.spotify.com/track/4f5zr4fwJdf4z1FF9HosHQ,29,"Dois Amigos, um Século de Música (Ao Vivo)"
Caetano Veloso e Gilberto Gil,1,153160,FALSE,https://api.spotify.com/v1/tracks/56Zp9cEujvZ5hzt7UmCstS,56Zp9cEujvZ5hzt7UmCstS,FALSE,É de Manhã - Ao Vivo,https://p.scdn.co/mp3-preview/4b022b56582bc9bd79031844e4afd1f20833ad0f?cid=bed096ba738b4beaa51cf1bf50ceed15,6,track,spotify:track:56Zp9cEujvZ5hzt7UmCstS,https://open.spotify.com/track/56Zp9cEujvZ5hzt7UmCstS,31,"Dois Amigos, um Século de Música (Ao Vivo)"
Caetano Veloso e Gilberto Gil,1,280013,FALSE,https://api.spotify.com/v1/tracks/39O8LrwU8MiZ3qKG1s1GtX,39O8LrwU8MiZ3qKG1s1GtX,FALSE,As Camélias do Quilombo do Leblon - Ao Vivo,https://p.scdn.co/mp3-preview/3db85019d82309651a683d5768bec1f776605fd1?cid=bed096ba738b4beaa51cf1bf50ceed15,7,track,spotify:track:39O8LrwU8MiZ3qKG1s1GtX,https://open.spotify.com/track/39O8LrwU8MiZ3qKG1s1GtX,25,"Dois Amigos, um Século de Música (Ao Vivo)"
Caetano Veloso e Gilberto Gil,1,181680,FALSE,https://api.spotify.com/v1/tracks/5dVCyiRqc040w8U3kbwNQY,5dVCyiRqc040w8U3kbwNQY,FALSE,Sampa - Ao Vivo,https://p.scdn.co/mp3-preview/6e0b1d9884a29bbc64341f39e943aaa55ed3289b?cid=bed096ba738b4beaa51cf1bf50ceed15,8,track,spotify:track:5dVCyiRqc040w8U3kbwNQY,https://open.spotify.com/track/5dVCyiRqc040w8U3kbwNQY,37,"Dois Amigos, um Século de Música (Ao Vivo)"
Caetano Veloso e Gilberto Gil,1,331453,FALSE,https://api.spotify.com/v1/tracks/1fz0PPQgJ8YSnoS86YZrWU,1fz0PPQgJ8YSnoS86YZrWU,FALSE,Terra - Ao Vivo,https://p.scdn.co/mp3-preview/f396d843a0834f9ed9fbb48c4154ab4460a670a1?cid=bed096ba738b4beaa51cf1bf50ceed15,9,track,spotify:track:1fz0PPQgJ8YSnoS86YZrWU,https://open.spotify.com/track/1fz0PPQgJ8YSnoS86YZrWU,30,"Dois Amigos, um Século de Música (Ao Vivo)"
Caetano Veloso e Gilberto Gil,1,180026,FALSE,https://api.spotify.com/v1/tracks/2xXSHzTBs5X9wwtsg7rcBt,2xXSHzTBs5X9wwtsg7rcBt,FALSE,Nine Out of Ten - Ao Vivo,https://p.scdn.co/mp3-preview/0275d8dbda309c94c8dae48b9233bfe810e56ae4?cid=bed096ba738b4beaa51cf1bf50ceed15,10,track,spotify:track:2xXSHzTBs5X9wwtsg7rcBt,https://open.spotify.com/track/2xXSHzTBs5X9wwtsg7rcBt,27,"Dois Amigos, um Século de Música (Ao Vivo)"
Caetano Veloso e Gilberto Gil,1,178973,FALSE,https://api.spotify.com/v1/tracks/09A6klhYGoRV3I6fBQ0kqD,09A6klhYGoRV3I6fBQ0kqD,FALSE,Odeio - Ao Vivo,https://p.scdn.co/mp3-preview/e5a4f1bd24a465606212c0b9e4b2ea3376014b4b?cid=bed096ba738b4beaa51cf1bf50ceed15,11,track,spotify:track:09A6klhYGoRV3I6fBQ0kqD,https://open.spotify.com/track/09A6klhYGoRV3I6fBQ0kqD,25,"Dois Amigos, um Século de Música (Ao Vivo)"
Caetano Veloso e Gilberto Gil,1,166293,FALSE,https://api.spotify.com/v1/tracks/0P3weiGX3wX1FZunKsIzbu,0P3weiGX3wX1FZunKsIzbu,FALSE,Tonada de Luna Llena - Ao Vivo,https://p.scdn.co/mp3-preview/3277604d479107d41c13439bf8611daa50af7a67?cid=bed096ba738b4beaa51cf1bf50ceed15,12,track,spotify:track:0P3weiGX3wX1FZunKsIzbu,https://open.spotify.com/track/0P3weiGX3wX1FZunKsIzbu,23,"Dois Amigos, um Século de Música (Ao Vivo)"
Caetano Veloso e Gilberto Gil,1,168253,FALSE,https://api.spotify.com/v1/tracks/7lmwhxMD7JBfVXvNDeqqjt,7lmwhxMD7JBfVXvNDeqqjt,FALSE,Eu Vim da Bahia - Ao Vivo,https://p.scdn.co/mp3-preview/8efefe50fbf07c553ad85167e9f5ae0148d2978a?cid=bed096ba738b4beaa51cf1bf50ceed15,13,track,spotify:track:7lmwhxMD7JBfVXvNDeqqjt,https://open.spotify.com/track/7lmwhxMD7JBfVXvNDeqqjt,28,"Dois Amigos, um Século de Música (Ao Vivo)"
Caetano Veloso e Gilberto Gil,2,239080,FALSE,https://api.spotify.com/v1/tracks/2B2ax80ayD1T80pMtcK05k,2B2ax80ayD1T80pMtcK05k,FALSE,Super Homem (A Canção) - Ao Vivo,https://p.scdn.co/mp3-preview/96859a1deb83cfd0178351f3ad91eee61325a3be?cid=bed096ba738b4beaa51cf1bf50ceed15,1,track,spotify:track:2B2ax80ayD1T80pMtcK05k,https://open.spotify.com/track/2B2ax80ayD1T80pMtcK05k,30,"Dois Amigos, um Século de Música (Ao Vivo)"
Caetano Veloso e Gilberto Gil,2,159853,FALSE,https://api.spotify.com/v1/tracks/1brMYfUh5otDMdaF8fmQud,1brMYfUh5otDMdaF8fmQud,FALSE,Come prima - Ao Vivo,https://p.scdn.co/mp3-preview/273b2754528c209899738db37b22d6cb84d9643e?cid=bed096ba738b4beaa51cf1bf50ceed15,2,track,spotify:track:1brMYfUh5otDMdaF8fmQud,https://open.spotify.com/track/1brMYfUh5otDMdaF8fmQud,23,"Dois Amigos, um Século de Música (Ao Vivo)"
Caetano Veloso e Gilberto Gil,2,257213,FALSE,https://api.spotify.com/v1/tracks/1TX5og7ekOX834NX38E4gk,1TX5og7ekOX834NX38E4gk,FALSE,Esotérico - Ao Vivo,https://p.scdn.co/mp3-preview/8626dfb9d492ff9c6879d27155f7d15fd053177b?cid=bed096ba738b4beaa51cf1bf50ceed15,3,track,spotify:track:1TX5og7ekOX834NX38E4gk,https://open.spotify.com/track/1TX5og7ekOX834NX38E4gk,41,"Dois Amigos, um Século de Música (Ao Vivo)"
Caetano Veloso e Gilberto Gil,2,247306,FALSE,https://api.spotify.com/v1/tracks/6t1VlT48aFAvsv8Re8KKtp,6t1VlT48aFAvsv8Re8KKtp,FALSE,Tres Palabras - Ao Vivo,https://p.scdn.co/mp3-preview/cebb7542dcd04e9beba0c5bc6f8242c8ff26ade6?cid=bed096ba738b4beaa51cf1bf50ceed15,4,track,spotify:track:6t1VlT48aFAvsv8Re8KKtp,https://open.spotify.com/track/6t1VlT48aFAvsv8Re8KKtp,22,"Dois Amigos, um Século de Música (Ao Vivo)"
Caetano Veloso e Gilberto Gil,2,253146,FALSE,https://api.spotify.com/v1/tracks/5qxjQbQmorMVXQFMof0Ont,5qxjQbQmorMVXQFMof0Ont,FALSE,Drão - Ao Vivo,https://p.scdn.co/mp3-preview/174ee4497da9cc0881baa4d350483cd82151df90?cid=bed096ba738b4beaa51cf1bf50ceed15,5,track,spotify:track:5qxjQbQmorMVXQFMof0Ont,https://open.spotify.com/track/5qxjQbQmorMVXQFMof0Ont,38,"Dois Amigos, um Século de Música (Ao Vivo)"
Caetano Veloso e Gilberto Gil,2,275306,FALSE,https://api.spotify.com/v1/tracks/7dWFLwmfKouDd6FRhXDtWu,7dWFLwmfKouDd6FRhXDtWu,FALSE,Não Tenho Medo da Morte - Ao Vivo,https://p.scdn.co/mp3-preview/b6215ea18a95e198906349023d98f553b4b2fbfd?cid=bed096ba738b4beaa51cf1bf50ceed15,6,track,spotify:track:7dWFLwmfKouDd6FRhXDtWu,https://open.spotify.com/track/7dWFLwmfKouDd6FRhXDtWu,23,"Dois Amigos, um Século de Música (Ao Vivo)"
Caetano Veloso e Gilberto Gil,2,198693,FALSE,https://api.spotify.com/v1/tracks/1G9uYHi9XGiPAKP2SwKJV5,1G9uYHi9XGiPAKP2SwKJV5,FALSE,Expresso 2222 - Ao Vivo,https://p.scdn.co/mp3-preview/d653e77f4e4ef009d0f3dff7ab4157dbb0b9b1b9?cid=bed096ba738b4beaa51cf1bf50ceed15,7,track,spotify:track:1G9uYHi9XGiPAKP2SwKJV5,https://open.spotify.com/track/1G9uYHi9XGiPAKP2SwKJV5,28,"Dois Amigos, um Século de Música (Ao Vivo)"
Caetano Veloso,1,247093,FALSE,https://api.spotify.com/v1/tracks/1iu17PHrA2P0sdPtjoX5bo,1iu17PHrA2P0sdPtjoX5bo,FALSE,A Bossa Nova É Foda - Multishow Ao Vivo,,1,track,spotify:track:1iu17PHrA2P0sdPtjoX5bo,https://open.spotify.com/track/1iu17PHrA2P0sdPtjoX5bo,21,Multishow Ao Vivo Caetano Veloso Abraçaço
Caetano Veloso,1,119440,FALSE,https://api.spotify.com/v1/tracks/0xtNrMyWpKiNWAN2LioIoG,0xtNrMyWpKiNWAN2LioIoG,FALSE,Lindeza - Multishow Ao Vivo,,2,track,spotify:track:0xtNrMyWpKiNWAN2LioIoG,https://open.spotify.com/track/0xtNrMyWpKiNWAN2LioIoG,22,Multishow Ao Vivo Caetano Veloso Abraçaço
Caetano Veloso,1,243000,FALSE,https://api.spotify.com/v1/tracks/4cKFZ5rLWupEV1jiUhDDSk,4cKFZ5rLWupEV1jiUhDDSk,FALSE,Quando O Galo Cantou - Multishow Ao Vivo,,3,track,spotify:track:4cKFZ5rLWupEV1jiUhDDSk,https://open.spotify.com/track/4cKFZ5rLWupEV1jiUhDDSk,19,Multishow Ao Vivo Caetano Veloso Abraçaço
Caetano Veloso,1,295586,FALSE,https://api.spotify.com/v1/tracks/23yUpmWBT7CYXc05jhGUyY,23yUpmWBT7CYXc05jhGUyY,FALSE,Um Abraçaço - Mulstihow Ao Vivo,,4,track,spotify:track:23yUpmWBT7CYXc05jhGUyY,https://open.spotify.com/track/23yUpmWBT7CYXc05jhGUyY,20,Multishow Ao Vivo Caetano Veloso Abraçaço
Caetano Veloso,1,258026,FALSE,https://api.spotify.com/v1/tracks/3rp19vydmSjxZijkyhKEPq,3rp19vydmSjxZijkyhKEPq,FALSE,Homem - Multishow Ao Vivo,,5,track,spotify:track:3rp19vydmSjxZijkyhKEPq,https://open.spotify.com/track/3rp19vydmSjxZijkyhKEPq,17,Multishow Ao Vivo Caetano Veloso Abraçaço
Caetano Veloso,1,350866,FALSE,https://api.spotify.com/v1/tracks/3dThCaUrRuApC5z4AFD2YS,3dThCaUrRuApC5z4AFD2YS,FALSE,Triste Bahia - Multishow Ao Vivo,,6,track,spotify:track:3dThCaUrRuApC5z4AFD2YS,https://open.spotify.com/track/3dThCaUrRuApC5z4AFD2YS,18,Multishow Ao Vivo Caetano Veloso Abraçaço
Caetano Veloso,1,245746,FALSE,https://api.spotify.com/v1/tracks/2ECljAzsfwMAav7ooaUZ7e,2ECljAzsfwMAav7ooaUZ7e,FALSE,Estou Triste - Multishow Ao Vivo,,7,track,spotify:track:2ECljAzsfwMAav7ooaUZ7e,https://open.spotify.com/track/2ECljAzsfwMAav7ooaUZ7e,16,Multishow Ao Vivo Caetano Veloso Abraçaço
Caetano Veloso,1,55280,FALSE,https://api.spotify.com/v1/tracks/1EbCbvq1g8CYAUXhG2HaYn,1EbCbvq1g8CYAUXhG2HaYn,FALSE,Escapulário - Multishow Ao Vivo,,8,track,spotify:track:1EbCbvq1g8CYAUXhG2HaYn,https://open.spotify.com/track/1EbCbvq1g8CYAUXhG2HaYn,15,Multishow Ao Vivo Caetano Veloso Abraçaço
Caetano Veloso,1,336533,FALSE,https://api.spotify.com/v1/tracks/0j0OpUiqGGnMQd7FNbZyBa,0j0OpUiqGGnMQd7FNbZyBa,FALSE,Funk Melódico - Multishow Ao Vivo,,9,track,spotify:track:0j0OpUiqGGnMQd7FNbZyBa,https://open.spotify.com/track/0j0OpUiqGGnMQd7FNbZyBa,17,Multishow Ao Vivo Caetano Veloso Abraçaço
Caetano Veloso,1,94866,FALSE,https://api.spotify.com/v1/tracks/6UVzjGOIChpLH6WgU14vA9,6UVzjGOIChpLH6WgU14vA9,FALSE,Alguém Cantando - Multishow Ao Vivo,,10,track,spotify:track:6UVzjGOIChpLH6WgU14vA9,https://open.spotify.com/track/6UVzjGOIChpLH6WgU14vA9,22,Multishow Ao Vivo Caetano Veloso Abraçaço
Caetano Veloso,1,239600,FALSE,https://api.spotify.com/v1/tracks/43p15a99ReULpMZEZg3RE2,43p15a99ReULpMZEZg3RE2,FALSE,Quero Ser Justo - Multishow Ao Vivo,,11,track,spotify:track:43p15a99ReULpMZEZg3RE2,https://open.spotify.com/track/43p15a99ReULpMZEZg3RE2,15,Multishow Ao Vivo Caetano Veloso Abraçaço
Caetano Veloso,1,233453,FALSE,https://api.spotify.com/v1/tracks/77cnSIdKvlIdKoaunpcM3l,77cnSIdKvlIdKoaunpcM3l,FALSE,Eclipse Oculto - Multishow Ao Vivo,,12,track,spotify:track:77cnSIdKvlIdKoaunpcM3l,https://open.spotify.com/track/77cnSIdKvlIdKoaunpcM3l,30,Multishow Ao Vivo Caetano Veloso Abraçaço
Caetano Veloso,1,222520,FALSE,https://api.spotify.com/v1/tracks/76jPe3CcI7wBITFaqTgzOM,76jPe3CcI7wBITFaqTgzOM,FALSE,Mãe - Multishow Ao Vivo,,13,track,spotify:track:76jPe3CcI7wBITFaqTgzOM,https://open.spotify.com/track/76jPe3CcI7wBITFaqTgzOM,24,Multishow Ao Vivo Caetano Veloso Abraçaço
Caetano Veloso,1,201373,FALSE,https://api.spotify.com/v1/tracks/1tQv8YN5Uep9V8uQmrGSqY,1tQv8YN5Uep9V8uQmrGSqY,FALSE,De Noite Na Cama - Multishow Ao Vivo,,14,track,spotify:track:1tQv8YN5Uep9V8uQmrGSqY,https://open.spotify.com/track/1tQv8YN5Uep9V8uQmrGSqY,22,Multishow Ao Vivo Caetano Veloso Abraçaço
Caetano Veloso,1,236173,FALSE,https://api.spotify.com/v1/tracks/0u8rcREHTEEz0FEtCIEMgY,0u8rcREHTEEz0FEtCIEMgY,FALSE,O Império Da Lei - Multishow Ao Vivo,,15,track,spotify:track:0u8rcREHTEEz0FEtCIEMgY,https://open.spotify.com/track/0u8rcREHTEEz0FEtCIEMgY,14,Multishow Ao Vivo Caetano Veloso Abraçaço
Caetano Veloso,1,261453,FALSE,https://api.spotify.com/v1/tracks/0OGYhSllDnio7j2DYsLNyM,0OGYhSllDnio7j2DYsLNyM,FALSE,Reconvexo - Multishow Ao Vivo,,16,track,spotify:track:0OGYhSllDnio7j2DYsLNyM,https://open.spotify.com/track/0OGYhSllDnio7j2DYsLNyM,41,Multishow Ao Vivo Caetano Veloso Abraçaço
Caetano Veloso,1,288053,FALSE,https://api.spotify.com/v1/tracks/05F0hUJMK5rIUy1VMu3ysH,05F0hUJMK5rIUy1VMu3ysH,FALSE,Você Não Entende Nada - Multishow Ao Vivo,,17,track,spotify:track:05F0hUJMK5rIUy1VMu3ysH,https://open.spotify.com/track/05F0hUJMK5rIUy1VMu3ysH,34,Multishow Ao Vivo Caetano Veloso Abraçaço
Caetano Veloso,1,208080,FALSE,https://api.spotify.com/v1/tracks/68gU56pCdvedMLnvCXgazR,68gU56pCdvedMLnvCXgazR,FALSE,A Luz De Tieta - Multishow Ao Vivo,,18,track,spotify:track:68gU56pCdvedMLnvCXgazR,https://open.spotify.com/track/68gU56pCdvedMLnvCXgazR,44,Multishow Ao Vivo Caetano Veloso Abraçaço
Caetano Veloso,1,196066,FALSE,https://api.spotify.com/v1/tracks/55MPNFrCLtZb2vxzFugNlp,55MPNFrCLtZb2vxzFugNlp,FALSE,Outro - Multishow Ao Vivo,,19,track,spotify:track:55MPNFrCLtZb2vxzFugNlp,https://open.spotify.com/track/55MPNFrCLtZb2vxzFugNlp,15,Multishow Ao Vivo Caetano Veloso Abraçaço
Caetano Veloso e Gilberto Gil e Ivete Sangalo,1,246146,FALSE,https://api.spotify.com/v1/tracks/2PyfVkaoyVIFK4KaJHKRSY,2PyfVkaoyVIFK4KaJHKRSY,FALSE,A Novidade - Live,,1,track,spotify:track:2PyfVkaoyVIFK4KaJHKRSY,https://open.spotify.com/track/2PyfVkaoyVIFK4KaJHKRSY,37,"Especial Ivete, Gil E Caetano"
Caetano Veloso e Gilberto Gil e Ivete Sangalo,1,202706,FALSE,https://api.spotify.com/v1/tracks/0drLWHcGw3j6xZKn7zGJ7X,0drLWHcGw3j6xZKn7zGJ7X,FALSE,Toda Menina Baiana - Live,,2,track,spotify:track:0drLWHcGw3j6xZKn7zGJ7X,https://open.spotify.com/track/0drLWHcGw3j6xZKn7zGJ7X,43,"Especial Ivete, Gil E Caetano"
Caetano Veloso e Gilberto Gil e Ivete Sangalo,1,190653,FALSE,https://api.spotify.com/v1/tracks/7gURhr3HBT28eGxUAZpG9Q,7gURhr3HBT28eGxUAZpG9Q,FALSE,O Meu Amor - Live,,3,track,spotify:track:7gURhr3HBT28eGxUAZpG9Q,https://open.spotify.com/track/7gURhr3HBT28eGxUAZpG9Q,38,"Especial Ivete, Gil E Caetano"
Caetano Veloso e Gilberto Gil e Ivete Sangalo,1,238693,FALSE,https://api.spotify.com/v1/tracks/0vyxk0KyHWwlLj7hDCXci1,0vyxk0KyHWwlLj7hDCXci1,FALSE,Tá Combinado - Live,,4,track,spotify:track:0vyxk0KyHWwlLj7hDCXci1,https://open.spotify.com/track/0vyxk0KyHWwlLj7hDCXci1,37,"Especial Ivete, Gil E Caetano"
Caetano Veloso e Gilberto Gil e Ivete Sangalo,1,173520,FALSE,https://api.spotify.com/v1/tracks/247w3FqYgXONLXnyLU3EGO,247w3FqYgXONLXnyLU3EGO,FALSE,A Linha E O Linho - Live,,5,track,spotify:track:247w3FqYgXONLXnyLU3EGO,https://open.spotify.com/track/247w3FqYgXONLXnyLU3EGO,32,"Especial Ivete, Gil E Caetano"
Caetano Veloso e Gilberto Gil e Ivete Sangalo,1,257040,FALSE,https://api.spotify.com/v1/tracks/7DE7v4kw0vAiV5qFBTETH2,7DE7v4kw0vAiV5qFBTETH2,FALSE,A Luz De Tieta - Live,,6,track,spotify:track:7DE7v4kw0vAiV5qFBTETH2,https://open.spotify.com/track/7DE7v4kw0vAiV5qFBTETH2,38,"Especial Ivete, Gil E Caetano"
Caetano Veloso e Gilberto Gil e Ivete Sangalo,1,238293,FALSE,https://api.spotify.com/v1/tracks/4yu3EQwBdwrvU274Bvvcsh,4yu3EQwBdwrvU274Bvvcsh,FALSE,Tigresa - Live,,7,track,spotify:track:4yu3EQwBdwrvU274Bvvcsh,https://open.spotify.com/track/4yu3EQwBdwrvU274Bvvcsh,34,"Especial Ivete, Gil E Caetano"
Caetano Veloso e Gilberto Gil e Ivete Sangalo,1,279533,FALSE,https://api.spotify.com/v1/tracks/2E1oY9rvHV5kW1B6UDilVM,2E1oY9rvHV5kW1B6UDilVM,FALSE,Você É Linda - Live,,8,track,spotify:track:2E1oY9rvHV5kW1B6UDilVM,https://open.spotify.com/track/2E1oY9rvHV5kW1B6UDilVM,43,"Especial Ivete, Gil E Caetano"
Caetano Veloso e Gilberto Gil e Ivete Sangalo,1,267040,FALSE,https://api.spotify.com/v1/tracks/39DOURVX8vz7PwZTMNt3BF,39DOURVX8vz7PwZTMNt3BF,FALSE,Atrás Da Porta - Live,,9,track,spotify:track:39DOURVX8vz7PwZTMNt3BF,https://open.spotify.com/track/39DOURVX8vz7PwZTMNt3BF,33,"Especial Ivete, Gil E Caetano"
Caetano Veloso e Gilberto Gil e Ivete Sangalo,1,170466,FALSE,https://api.spotify.com/v1/tracks/2dts5w4Pk3okj0xPZBHINd,2dts5w4Pk3okj0xPZBHINd,FALSE,Super Homem (A Canção) - Live,,10,track,spotify:track:2dts5w4Pk3okj0xPZBHINd,https://open.spotify.com/track/2dts5w4Pk3okj0xPZBHINd,30,"Especial Ivete, Gil E Caetano"
Caetano Veloso e Gilberto Gil e Ivete Sangalo,1,236973,FALSE,https://api.spotify.com/v1/tracks/5gc0OywuL1BWNhY01YcIxp,5gc0OywuL1BWNhY01YcIxp,FALSE,Se Eu Não Te Amasse Tanto Assim - Live,,11,track,spotify:track:5gc0OywuL1BWNhY01YcIxp,https://open.spotify.com/track/5gc0OywuL1BWNhY01YcIxp,37,"Especial Ivete, Gil E Caetano"
Caetano Veloso e Gilberto Gil e Ivete Sangalo,1,244626,FALSE,https://api.spotify.com/v1/tracks/54qLQtveTu29AzufRMT2gk,54qLQtveTu29AzufRMT2gk,FALSE,Olhos Nos Olhos - Live,,12,track,spotify:track:54qLQtveTu29AzufRMT2gk,https://open.spotify.com/track/54qLQtveTu29AzufRMT2gk,35,"Especial Ivete, Gil E Caetano"
Caetano Veloso e Gilberto Gil e Ivete Sangalo,1,206640,FALSE,https://api.spotify.com/v1/tracks/13MUJuuiNDtzMUQeevL6hR,13MUJuuiNDtzMUQeevL6hR,FALSE,Drão - Live,,13,track,spotify:track:13MUJuuiNDtzMUQeevL6hR,https://open.spotify.com/track/13MUJuuiNDtzMUQeevL6hR,33,"Especial Ivete, Gil E Caetano"
Caetano Veloso e Gilberto Gil e Ivete Sangalo,1,194880,FALSE,https://api.spotify.com/v1/tracks/0oAzSO5eigzj5TSUpL7Teo,0oAzSO5eigzj5TSUpL7Teo,FALSE,Dom De Iludir - Live,,14,track,spotify:track:0oAzSO5eigzj5TSUpL7Teo,https://open.spotify.com/track/0oAzSO5eigzj5TSUpL7Teo,30,"Especial Ivete, Gil E Caetano"
Caetano Veloso e Gilberto Gil e Ivete Sangalo,1,227866,FALSE,https://api.spotify.com/v1/tracks/4VqzpovKFj40UyPet6wakA,4VqzpovKFj40UyPet6wakA,FALSE,Amor Até O Fim - Live,,15,track,spotify:track:4VqzpovKFj40UyPet6wakA,https://open.spotify.com/track/4VqzpovKFj40UyPet6wakA,29,"Especial Ivete, Gil E Caetano"
Caetano Veloso,1,231800,FALSE,https://api.spotify.com/v1/tracks/4o4AQQ0BBjyHdiIQgLdffD,4o4AQQ0BBjyHdiIQgLdffD,FALSE,A Bossa Nova É Foda,,1,track,spotify:track:4o4AQQ0BBjyHdiIQgLdffD,https://open.spotify.com/track/4o4AQQ0BBjyHdiIQgLdffD,31,Abraçaço
Caetano Veloso,1,224760,FALSE,https://api.spotify.com/v1/tracks/4EQuxAWxkDkIUuo0vIMzqF,4EQuxAWxkDkIUuo0vIMzqF,FALSE,Um Abraçaço,,2,track,spotify:track:4EQuxAWxkDkIUuo0vIMzqF,https://open.spotify.com/track/4EQuxAWxkDkIUuo0vIMzqF,32,Abraçaço
Caetano Veloso,1,312533,FALSE,https://api.spotify.com/v1/tracks/6kgxTeV4QDLLkLZktUOQ19,6kgxTeV4QDLLkLZktUOQ19,FALSE,Estou Triste,,3,track,spotify:track:6kgxTeV4QDLLkLZktUOQ19,https://open.spotify.com/track/6kgxTeV4QDLLkLZktUOQ19,24,Abraçaço
Caetano Veloso,1,245000,FALSE,https://api.spotify.com/v1/tracks/1NlXaiQLDthmd7oPEIyYFS,1NlXaiQLDthmd7oPEIyYFS,FALSE,O Império Da Lei,,4,track,spotify:track:1NlXaiQLDthmd7oPEIyYFS,https://open.spotify.com/track/1NlXaiQLDthmd7oPEIyYFS,19,Abraçaço
Caetano Veloso,1,229680,FALSE,https://api.spotify.com/v1/tracks/2XxucKtm3scS9tUGxQh244,2XxucKtm3scS9tUGxQh244,FALSE,Quero Ser Justo,,5,track,spotify:track:2XxucKtm3scS9tUGxQh244,https://open.spotify.com/track/2XxucKtm3scS9tUGxQh244,19,Abraçaço
Caetano Veloso,1,509426,FALSE,https://api.spotify.com/v1/tracks/3OXWMFThIfXmpVq4I7fUbK,3OXWMFThIfXmpVq4I7fUbK,FALSE,Um Comunista,,6,track,spotify:track:3OXWMFThIfXmpVq4I7fUbK,https://open.spotify.com/track/3OXWMFThIfXmpVq4I7fUbK,28,Abraçaço
Caetano Veloso,1,276186,FALSE,https://api.spotify.com/v1/tracks/4JGx02WuY5QAo6Rq7umsPv,4JGx02WuY5QAo6Rq7umsPv,FALSE,Funk Melódico,,7,track,spotify:track:4JGx02WuY5QAo6Rq7umsPv,https://open.spotify.com/track/4JGx02WuY5QAo6Rq7umsPv,20,Abraçaço
Caetano Veloso,1,339453,FALSE,https://api.spotify.com/v1/tracks/5MXzBVrNDS1pIVLcHk69Al,5MXzBVrNDS1pIVLcHk69Al,FALSE,Vinco,,8,track,spotify:track:5MXzBVrNDS1pIVLcHk69Al,https://open.spotify.com/track/5MXzBVrNDS1pIVLcHk69Al,16,Abraçaço
Caetano Veloso,1,226253,FALSE,https://api.spotify.com/v1/tracks/5bvfDOhCfSaaDYYKj6NygO,5bvfDOhCfSaaDYYKj6NygO,FALSE,Quando O Galo Cantou,,9,track,spotify:track:5bvfDOhCfSaaDYYKj6NygO,https://open.spotify.com/track/5bvfDOhCfSaaDYYKj6NygO,24,Abraçaço
Caetano Veloso,1,184053,FALSE,https://api.spotify.com/v1/tracks/4PErlGM1ZolFUk3Vr22yEY,4PErlGM1ZolFUk3Vr22yEY,FALSE,Parabéns,,10,track,spotify:track:4PErlGM1ZolFUk3Vr22yEY,https://open.spotify.com/track/4PErlGM1ZolFUk3Vr22yEY,17,Abraçaço
Caetano Veloso,1,270720,FALSE,https://api.spotify.com/v1/tracks/5sZI765Mh7bKJdy2hFGPR8,5sZI765Mh7bKJdy2hFGPR8,FALSE,Gayana,,11,track,spotify:track:5sZI765Mh7bKJdy2hFGPR8,https://open.spotify.com/track/5sZI765Mh7bKJdy2hFGPR8,22,Abraçaço
Caetano Veloso,1,300759,FALSE,https://api.spotify.com/v1/tracks/6h0TTKMr91c3j1tl0u6hQS,6h0TTKMr91c3j1tl0u6hQS,FALSE,Desde Que O Samba É Samba - Ao Vivo No Rio De Janeiro / 2008,,1,track,spotify:track:6h0TTKMr91c3j1tl0u6hQS,https://open.spotify.com/track/6h0TTKMr91c3j1tl0u6hQS,10,Caetano - Obra Em Progresso (Ao Vivo / Deluxe)
Caetano Veloso,1,386324,FALSE,https://api.spotify.com/v1/tracks/2jqSz96SiEq6g0xMI5DauZ,2jqSz96SiEq6g0xMI5DauZ,FALSE,Incompatibilidade De Gênios - Ao Vivo No Rio De Janeiro / 2008,,2,track,spotify:track:2jqSz96SiEq6g0xMI5DauZ,https://open.spotify.com/track/2jqSz96SiEq6g0xMI5DauZ,9,Caetano - Obra Em Progresso (Ao Vivo / Deluxe)
Caetano Veloso,1,175839,FALSE,https://api.spotify.com/v1/tracks/0l8WzlfAjmmvJ7KSzNclQh,0l8WzlfAjmmvJ7KSzNclQh,FALSE,Uns - Ao Vivo No Rio De Janeiro / 2008,,3,track,spotify:track:0l8WzlfAjmmvJ7KSzNclQh,https://open.spotify.com/track/0l8WzlfAjmmvJ7KSzNclQh,9,Caetano - Obra Em Progresso (Ao Vivo / Deluxe)
Caetano Veloso,1,140927,FALSE,https://api.spotify.com/v1/tracks/6lNqrlSbNKTunAXgV77Vqy,6lNqrlSbNKTunAXgV77Vqy,FALSE,Saudade Fez Um Samba - Ao Vivo No Rio De Janeiro / 2008,,4,track,spotify:track:6lNqrlSbNKTunAXgV77Vqy,https://open.spotify.com/track/6lNqrlSbNKTunAXgV77Vqy,11,Caetano - Obra Em Progresso (Ao Vivo / Deluxe)
Caetano Veloso,1,259249,FALSE,https://api.spotify.com/v1/tracks/3SBozUGR3TrGtcI3LTa030,3SBozUGR3TrGtcI3LTa030,FALSE,Água - Ao Vivo No Rio De Janeiro / 2008,,5,track,spotify:track:3SBozUGR3TrGtcI3LTa030,https://open.spotify.com/track/3SBozUGR3TrGtcI3LTa030,12,Caetano - Obra Em Progresso (Ao Vivo / Deluxe)
Caetano Veloso,1,79074,FALSE,https://api.spotify.com/v1/tracks/20Ea9PF36uLRHU6xeWyeom,20Ea9PF36uLRHU6xeWyeom,FALSE,Três Travestis - Ao Vivo No Rio De Janeiro / 2008,,6,track,spotify:track:20Ea9PF36uLRHU6xeWyeom,https://open.spotify.com/track/20Ea9PF36uLRHU6xeWyeom,9,Caetano - Obra Em Progresso (Ao Vivo / Deluxe)
Caetano Veloso,1,131210,FALSE,https://api.spotify.com/v1/tracks/7ul9I67hRfLwtX24HwAnmO,7ul9I67hRfLwtX24HwAnmO,FALSE,Vingança - Ao Vivo No Rio De Janeiro / 2008,,7,track,spotify:track:7ul9I67hRfLwtX24HwAnmO,https://open.spotify.com/track/7ul9I67hRfLwtX24HwAnmO,8,Caetano - Obra Em Progresso (Ao Vivo / Deluxe)
Caetano Veloso,1,183870,FALSE,https://api.spotify.com/v1/tracks/5EfXc6of8NJgBAQuj7SlM1,5EfXc6of8NJgBAQuj7SlM1,FALSE,Você Já Foi À Bahia? - Ao Vivo No Rio De Janeiro / 2008,,8,track,spotify:track:5EfXc6of8NJgBAQuj7SlM1,https://open.spotify.com/track/5EfXc6of8NJgBAQuj7SlM1,27,Caetano - Obra Em Progresso (Ao Vivo / Deluxe)
Caetano Veloso,1,297018,FALSE,https://api.spotify.com/v1/tracks/2SmiARX7QviK9NS62nrOeT,2SmiARX7QviK9NS62nrOeT,FALSE,Homem - Ao Vivo No Rio De Janeiro / 2008,,9,track,spotify:track:2SmiARX7QviK9NS62nrOeT,https://open.spotify.com/track/2SmiARX7QviK9NS62nrOeT,7,Caetano - Obra Em Progresso (Ao Vivo / Deluxe)
Caetano Veloso,1,337600,FALSE,https://api.spotify.com/v1/tracks/1ha2NtzL1ZqmeFFW3FUdMN,1ha2NtzL1ZqmeFFW3FUdMN,FALSE,A Voz Do Morto - Citações: Cole Na Corda / Viola / Kuduro - Ao Vivo,,1,track,spotify:track:1ha2NtzL1ZqmeFFW3FUdMN,https://open.spotify.com/track/1ha2NtzL1ZqmeFFW3FUdMN,10,Ao Vivo Caetano Zii & Zie (Ao Vivo / Deluxe)
Caetano Veloso,1,176733,FALSE,https://api.spotify.com/v1/tracks/4AR5uQxKe47sgJZezVNafL,4AR5uQxKe47sgJZezVNafL,FALSE,Sem Cais - Ao Vivo,,2,track,spotify:track:4AR5uQxKe47sgJZezVNafL,https://open.spotify.com/track/4AR5uQxKe47sgJZezVNafL,11,Ao Vivo Caetano Zii & Zie (Ao Vivo / Deluxe)
Caetano Veloso,1,214786,FALSE,https://api.spotify.com/v1/tracks/1WhHozstkDhbW1Jr1wDH8c,1WhHozstkDhbW1Jr1wDH8c,FALSE,Trem Das Cores - Ao Vivo,,3,track,spotify:track:1WhHozstkDhbW1Jr1wDH8c,https://open.spotify.com/track/1WhHozstkDhbW1Jr1wDH8c,12,Ao Vivo Caetano Zii & Zie (Ao Vivo / Deluxe)
Caetano Veloso,1,380760,FALSE,https://api.spotify.com/v1/tracks/2PtgOE8I81oWImZC06fcG1,2PtgOE8I81oWImZC06fcG1,FALSE,Perdeu - Ao Vivo,,4,track,spotify:track:2PtgOE8I81oWImZC06fcG1,https://open.spotify.com/track/2PtgOE8I81oWImZC06fcG1,8,Ao Vivo Caetano Zii & Zie (Ao Vivo / Deluxe)
Caetano Veloso,1,334560,FALSE,https://api.spotify.com/v1/tracks/5X7VJ52hCtfqCvLvAvtRed,5X7VJ52hCtfqCvLvAvtRed,FALSE,Por Quem? - Ao Vivo,,5,track,spotify:track:5X7VJ52hCtfqCvLvAvtRed,https://open.spotify.com/track/5X7VJ52hCtfqCvLvAvtRed,7,Ao Vivo Caetano Zii & Zie (Ao Vivo / Deluxe)
Caetano Veloso,1,249520,FALSE,https://api.spotify.com/v1/tracks/6ALiCH0r8cpcZouF5dVE57,6ALiCH0r8cpcZouF5dVE57,FALSE,Lobão Tem Razão - Ao Vivo,,6,track,spotify:track:6ALiCH0r8cpcZouF5dVE57,https://open.spotify.com/track/6ALiCH0r8cpcZouF5dVE57,7,Ao Vivo Caetano Zii & Zie (Ao Vivo / Deluxe)
Caetano Veloso,1,267613,FALSE,https://api.spotify.com/v1/tracks/1Tmf3ZvvYNemyewgVzQpGY,1Tmf3ZvvYNemyewgVzQpGY,FALSE,Maria Bethânia - Ao Vivo,,7,track,spotify:track:1Tmf3ZvvYNemyewgVzQpGY,https://open.spotify.com/track/1Tmf3ZvvYNemyewgVzQpGY,11,Ao Vivo Caetano Zii & Zie (Ao Vivo / Deluxe)
Caetano Veloso,1,180706,FALSE,https://api.spotify.com/v1/tracks/7suuPGIEWZo2HSOKmNIGsO,7suuPGIEWZo2HSOKmNIGsO,FALSE,Irene - Ao Vivo,,8,track,spotify:track:7suuPGIEWZo2HSOKmNIGsO,https://open.spotify.com/track/7suuPGIEWZo2HSOKmNIGsO,11,Ao Vivo Caetano Zii & Zie (Ao Vivo / Deluxe)
Caetano Veloso,1,201440,FALSE,https://api.spotify.com/v1/tracks/2qDuJ7XRscl00yDqmiYsq0,2qDuJ7XRscl00yDqmiYsq0,FALSE,Volver - Ao Vivo,,9,track,spotify:track:2qDuJ7XRscl00yDqmiYsq0,https://open.spotify.com/track/2qDuJ7XRscl00yDqmiYsq0,8,Ao Vivo Caetano Zii & Zie (Ao Vivo / Deluxe)
Caetano Veloso,1,187800,FALSE,https://api.spotify.com/v1/tracks/5IndV1eIGhxVFUgk9fOmHL,5IndV1eIGhxVFUgk9fOmHL,FALSE,Aquele Frevo Axé - Ao Vivo,,10,track,spotify:track:5IndV1eIGhxVFUgk9fOmHL,https://open.spotify.com/track/5IndV1eIGhxVFUgk9fOmHL,14,Ao Vivo Caetano Zii & Zie (Ao Vivo / Deluxe)
Caetano Veloso,1,286080,FALSE,https://api.spotify.com/v1/tracks/6MDsfXtLZERKMxvOSFa1VD,6MDsfXtLZERKMxvOSFa1VD,FALSE,Não Identificado - Ao Vivo,,11,track,spotify:track:6MDsfXtLZERKMxvOSFa1VD,https://open.spotify.com/track/6MDsfXtLZERKMxvOSFa1VD,13,Ao Vivo Caetano Zii & Zie (Ao Vivo / Deluxe)
Caetano Veloso,1,293706,FALSE,https://api.spotify.com/v1/tracks/2SXYiJPVfdfEUFIlF5UJJa,2SXYiJPVfdfEUFIlF5UJJa,FALSE,Base De Guantanamo - Ao Vivo,,12,track,spotify:track:2SXYiJPVfdfEUFIlF5UJJa,https://open.spotify.com/track/2SXYiJPVfdfEUFIlF5UJJa,6,Ao Vivo Caetano Zii & Zie (Ao Vivo / Deluxe)
Caetano Veloso,1,285293,FALSE,https://api.spotify.com/v1/tracks/1zxDJkwCzrtbRMPcx0i8mg,1zxDJkwCzrtbRMPcx0i8mg,FALSE,Lapa - Ao Vivo,,13,track,spotify:track:1zxDJkwCzrtbRMPcx0i8mg,https://open.spotify.com/track/1zxDJkwCzrtbRMPcx0i8mg,7,Ao Vivo Caetano Zii & Zie (Ao Vivo / Deluxe)
Caetano Veloso,1,281506,FALSE,https://api.spotify.com/v1/tracks/7qsRjCvXfWvmYtizngEwRa,7qsRjCvXfWvmYtizngEwRa,FALSE,Água - Ao Vivo,,14,track,spotify:track:7qsRjCvXfWvmYtizngEwRa,https://open.spotify.com/track/7qsRjCvXfWvmYtizngEwRa,12,Ao Vivo Caetano Zii & Zie (Ao Vivo / Deluxe)
Caetano Veloso,1,144906,FALSE,https://api.spotify.com/v1/tracks/7jUuXEOYNBND2fg4ohWehS,7jUuXEOYNBND2fg4ohWehS,FALSE,A Cor Amarela - Ao Vivo,,15,track,spotify:track:7jUuXEOYNBND2fg4ohWehS,https://open.spotify.com/track/7jUuXEOYNBND2fg4ohWehS,8,Ao Vivo Caetano Zii & Zie (Ao Vivo / Deluxe)
Caetano Veloso,1,367666,FALSE,https://api.spotify.com/v1/tracks/6GJsFKoOD87E8aI2lE1ng1,6GJsFKoOD87E8aI2lE1ng1,FALSE,Eu Sou Neguinha - Ao Vivo,,16,track,spotify:track:6GJsFKoOD87E8aI2lE1ng1,https://open.spotify.com/track/6GJsFKoOD87E8aI2lE1ng1,13,Ao Vivo Caetano Zii & Zie (Ao Vivo / Deluxe)
Caetano Veloso,1,252761,FALSE,https://api.spotify.com/v1/tracks/5J90wG2hFrMVm4ObusCh0M,5J90wG2hFrMVm4ObusCh0M,FALSE,Força Estranha - Ao Vivo,,17,track,spotify:track:5J90wG2hFrMVm4ObusCh0M,https://open.spotify.com/track/5J90wG2hFrMVm4ObusCh0M,21,Ao Vivo Caetano Zii & Zie (Ao Vivo / Deluxe)
Caetano Veloso,1,237399,FALSE,https://api.spotify.com/v1/tracks/6OlLmcI3vleEXKSdhIo78n,6OlLmcI3vleEXKSdhIo78n,FALSE,Tarado Ni Você - Ao Vivo No / Bonus Track,,18,track,spotify:track:6OlLmcI3vleEXKSdhIo78n,https://open.spotify.com/track/6OlLmcI3vleEXKSdhIo78n,5,Ao Vivo Caetano Zii & Zie (Ao Vivo / Deluxe)
Caetano Veloso,1,373105,FALSE,https://api.spotify.com/v1/tracks/6u8GfT4ptvyWVAPKULs0VE,6u8GfT4ptvyWVAPKULs0VE,FALSE,Odeio - Ao Vivo No / Bonus Track,,19,track,spotify:track:6u8GfT4ptvyWVAPKULs0VE,https://open.spotify.com/track/6u8GfT4ptvyWVAPKULs0VE,7,Ao Vivo Caetano Zii & Zie (Ao Vivo / Deluxe)
Caetano Veloso,1,156612,FALSE,https://api.spotify.com/v1/tracks/6SRq68MwQk8fhsBEUGoOnJ,6SRq68MwQk8fhsBEUGoOnJ,FALSE,Falso Leblon - Ao Vivo No / Bonus Track,,20,track,spotify:track:6SRq68MwQk8fhsBEUGoOnJ,https://open.spotify.com/track/6SRq68MwQk8fhsBEUGoOnJ,28,Ao Vivo Caetano Zii & Zie (Ao Vivo / Deluxe)
Caetano Veloso e Maria Gadú,1,174573,FALSE,https://api.spotify.com/v1/tracks/3fcBy4hcij2efXs6vIR8h8,3fcBy4hcij2efXs6vIR8h8,FALSE,Beleza Pura - Live,,1,track,spotify:track:3fcBy4hcij2efXs6vIR8h8,https://open.spotify.com/track/3fcBy4hcij2efXs6vIR8h8,36,Multishow Ao Vivo Caetano e Maria Gadú
Caetano Veloso e Maria Gadú,1,181786,FALSE,https://api.spotify.com/v1/tracks/7ddtlztkKBDMqsRV4GOMHP,7ddtlztkKBDMqsRV4GOMHP,FALSE,O Quereres - Live,,2,track,spotify:track:7ddtlztkKBDMqsRV4GOMHP,https://open.spotify.com/track/7ddtlztkKBDMqsRV4GOMHP,32,Multishow Ao Vivo Caetano e Maria Gadú
Caetano Veloso e Maria Gadú,1,204640,FALSE,https://api.spotify.com/v1/tracks/38hizYSleQ0861n2jyS7MR,38hizYSleQ0861n2jyS7MR,FALSE,Sampa - Live,,3,track,spotify:track:38hizYSleQ0861n2jyS7MR,https://open.spotify.com/track/38hizYSleQ0861n2jyS7MR,31,Multishow Ao Vivo Caetano e Maria Gadú
Caetano Veloso e Maria Gadú,1,252533,FALSE,https://api.spotify.com/v1/tracks/1MEO3hRC5hDijedCvNrJyJ,1MEO3hRC5hDijedCvNrJyJ,FALSE,Vaca Profana - Live,,4,track,spotify:track:1MEO3hRC5hDijedCvNrJyJ,https://open.spotify.com/track/1MEO3hRC5hDijedCvNrJyJ,31,Multishow Ao Vivo Caetano e Maria Gadú
Caetano Veloso e Maria Gadú,1,146933,FALSE,https://api.spotify.com/v1/tracks/2cMjjcd6MzJFi8RVUOW4ME,2cMjjcd6MzJFi8RVUOW4ME,FALSE,"Rapte-me, Camaleoa - Live",,5,track,spotify:track:2cMjjcd6MzJFi8RVUOW4ME,https://open.spotify.com/track/2cMjjcd6MzJFi8RVUOW4ME,31,Multishow Ao Vivo Caetano e Maria Gadú
Caetano Veloso e Maria Gadú,1,249986,FALSE,https://api.spotify.com/v1/tracks/7AP7o5GIMHNpz48z7uSbqq,7AP7o5GIMHNpz48z7uSbqq,FALSE,Trem Das Onze - Live,,6,track,spotify:track:7AP7o5GIMHNpz48z7uSbqq,https://open.spotify.com/track/7AP7o5GIMHNpz48z7uSbqq,40,Multishow Ao Vivo Caetano e Maria Gadú
Caetano Veloso e Maria Gadú,1,154826,FALSE,https://api.spotify.com/v1/tracks/0mDcMtuq4bJieP9LZqmaXZ,0mDcMtuq4bJieP9LZqmaXZ,FALSE,O Leãozinho - Live,,7,track,spotify:track:0mDcMtuq4bJieP9LZqmaXZ,https://open.spotify.com/track/0mDcMtuq4bJieP9LZqmaXZ,43,Multishow Ao Vivo Caetano e Maria Gadú
Caetano Veloso e Maria Gadú,1,318746,FALSE,https://api.spotify.com/v1/tracks/6ku7DiSKG4tqo2s6GQNIcU,6ku7DiSKG4tqo2s6GQNIcU,FALSE,Odara - Live,,8,track,spotify:track:6ku7DiSKG4tqo2s6GQNIcU,https://open.spotify.com/track/6ku7DiSKG4tqo2s6GQNIcU,30,Multishow Ao Vivo Caetano e Maria Gadú
Caetano Veloso e Maria Gadú,1,147186,FALSE,https://api.spotify.com/v1/tracks/7JwABis6UmQBYxQyTLG9Gk,7JwABis6UmQBYxQyTLG9Gk,FALSE,Nosso Estranho Amor - Live,,9,track,spotify:track:7JwABis6UmQBYxQyTLG9Gk,https://open.spotify.com/track/7JwABis6UmQBYxQyTLG9Gk,41,Multishow Ao Vivo Caetano e Maria Gadú
Caetano Veloso e Maria Gadú,1,169240,FALSE,https://api.spotify.com/v1/tracks/6bJSQXeIh4NbGZNwh0qad1,6bJSQXeIh4NbGZNwh0qad1,FALSE,Vai Levando - Live,,10,track,spotify:track:6bJSQXeIh4NbGZNwh0qad1,https://open.spotify.com/track/6bJSQXeIh4NbGZNwh0qad1,29,Multishow Ao Vivo Caetano e Maria Gadú
Caetano Veloso e Maria Gadú,1,167000,FALSE,https://api.spotify.com/v1/tracks/6YybaUSkkkCtUhxZUnoRxI,6YybaUSkkkCtUhxZUnoRxI,FALSE,Menino Do Rio - Live,,11,track,spotify:track:6YybaUSkkkCtUhxZUnoRxI,https://open.spotify.com/track/6YybaUSkkkCtUhxZUnoRxI,28,Multishow Ao Vivo Caetano e Maria Gadú
Maria Gadú,1,260760,FALSE,https://api.spotify.com/v1/tracks/5RqIiyRSNl3h0OVaMNpyjl,5RqIiyRSNl3h0OVaMNpyjl,FALSE,Podres Poderes - Live,,12,track,spotify:track:5RqIiyRSNl3h0OVaMNpyjl,https://open.spotify.com/track/5RqIiyRSNl3h0OVaMNpyjl,28,Multishow Ao Vivo Caetano e Maria Gadú
Caetano Veloso,1,201386,FALSE,https://api.spotify.com/v1/tracks/4Q3nQek3cWJqlRVPrvsbdJ,4Q3nQek3cWJqlRVPrvsbdJ,FALSE,Shimbalaiê - Live,,13,track,spotify:track:4Q3nQek3cWJqlRVPrvsbdJ,https://open.spotify.com/track/4Q3nQek3cWJqlRVPrvsbdJ,31,Multishow Ao Vivo Caetano e Maria Gadú
Maria Gadú,2,226360,FALSE,https://api.spotify.com/v1/tracks/4BGLc95irfyzpUsznXBZhx,4BGLc95irfyzpUsznXBZhx,FALSE,Bela Flor - Live,,1,track,spotify:track:4BGLc95irfyzpUsznXBZhx,https://open.spotify.com/track/4BGLc95irfyzpUsznXBZhx,27,Multishow Ao Vivo Caetano e Maria Gadú
Maria Gadú,2,231440,FALSE,https://api.spotify.com/v1/tracks/44pwyFg15qpyd11KYEMp4R,44pwyFg15qpyd11KYEMp4R,FALSE,Encontro - Live,,2,track,spotify:track:44pwyFg15qpyd11KYEMp4R,https://open.spotify.com/track/44pwyFg15qpyd11KYEMp4R,29,Multishow Ao Vivo Caetano e Maria Gadú
Maria Gadú,2,258813,FALSE,https://api.spotify.com/v1/tracks/6IXPUApvHjg5Alz2MreGHP,6IXPUApvHjg5Alz2MreGHP,FALSE,Tudo Diferente - Live,,3,track,spotify:track:6IXPUApvHjg5Alz2MreGHP,https://open.spotify.com/track/6IXPUApvHjg5Alz2MreGHP,31,Multishow Ao Vivo Caetano e Maria Gadú
Maria Gadú,2,280440,FALSE,https://api.spotify.com/v1/tracks/0eznROoIJU9DxZWaJzUuni,0eznROoIJU9DxZWaJzUuni,FALSE,Dona Cila - Live,,4,track,spotify:track:0eznROoIJU9DxZWaJzUuni,https://open.spotify.com/track/0eznROoIJU9DxZWaJzUuni,32,Multishow Ao Vivo Caetano e Maria Gadú
Maria Gadú,2,210173,FALSE,https://api.spotify.com/v1/tracks/3N5zQUX2GxCp99VnTpij7B,3N5zQUX2GxCp99VnTpij7B,FALSE,Escudos - Live,,5,track,spotify:track:3N5zQUX2GxCp99VnTpij7B,https://open.spotify.com/track/3N5zQUX2GxCp99VnTpij7B,27,Multishow Ao Vivo Caetano e Maria Gadú
Maria Gadú,2,262853,FALSE,https://api.spotify.com/v1/tracks/6GOsoYumvWkdJQrbVt3rsb,6GOsoYumvWkdJQrbVt3rsb,FALSE,A História De Lilly Braun / Citação: The Pink Panther Theme - Live,,6,track,spotify:track:6GOsoYumvWkdJQrbVt3rsb,https://open.spotify.com/track/6GOsoYumvWkdJQrbVt3rsb,28,Multishow Ao Vivo Caetano e Maria Gadú
Caetano Veloso,2,172946,FALSE,https://api.spotify.com/v1/tracks/5RTmksvdLu4ZwUH4dJj5rt,5RTmksvdLu4ZwUH4dJj5rt,FALSE,Milagres Do Povo - Live,,7,track,spotify:track:5RTmksvdLu4ZwUH4dJj5rt,https://open.spotify.com/track/5RTmksvdLu4ZwUH4dJj5rt,24,Multishow Ao Vivo Caetano e Maria Gadú
Caetano Veloso e David Byrne,1,288026,FALSE,https://api.spotify.com/v1/tracks/26Q0zHhzfvdAdKr7FV3MHN,26Q0zHhzfvdAdKr7FV3MHN,FALSE,Desde Que O Samba é Samba,,1,track,spotify:track:26Q0zHhzfvdAdKr7FV3MHN,https://open.spotify.com/track/26Q0zHhzfvdAdKr7FV3MHN,17,Caetano Veloso Live At Carnegie Hall With David Byrne
Caetano Veloso e David Byrne,1,249440,FALSE,https://api.spotify.com/v1/tracks/089geylzzsPqyMApcqyjwd,089geylzzsPqyMApcqyjwd,FALSE,Você É Linda,,2,track,spotify:track:089geylzzsPqyMApcqyjwd,https://open.spotify.com/track/089geylzzsPqyMApcqyjwd,49,Caetano Veloso Live At Carnegie Hall With David Byrne
Caetano Veloso e David Byrne,1,232720,FALSE,https://api.spotify.com/v1/tracks/1jPqlQXn64GSqqbaFP5est,1jPqlQXn64GSqqbaFP5est,FALSE,Sampa,,3,track,spotify:track:1jPqlQXn64GSqqbaFP5est,https://open.spotify.com/track/1jPqlQXn64GSqqbaFP5est,18,Caetano Veloso Live At Carnegie Hall With David Byrne
Caetano Veloso e David Byrne,1,185333,FALSE,https://api.spotify.com/v1/tracks/4wGGNNsqx7D8xj9f7yyefi,4wGGNNsqx7D8xj9f7yyefi,FALSE,O Leãozinho,,4,track,spotify:track:4wGGNNsqx7D8xj9f7yyefi,https://open.spotify.com/track/4wGGNNsqx7D8xj9f7yyefi,17,Caetano Veloso Live At Carnegie Hall With David Byrne
Caetano Veloso e David Byrne,1,175066,FALSE,https://api.spotify.com/v1/tracks/6geCq5Atb7AQKlgqWLe4Xs,6geCq5Atb7AQKlgqWLe4Xs,FALSE,Coração Vagabundo,,5,track,spotify:track:6geCq5Atb7AQKlgqWLe4Xs,https://open.spotify.com/track/6geCq5Atb7AQKlgqWLe4Xs,16,Caetano Veloso Live At Carnegie Hall With David Byrne
Caetano Veloso e David Byrne,1,250320,FALSE,https://api.spotify.com/v1/tracks/0KouIeNu9SFVYThaTyEhte,0KouIeNu9SFVYThaTyEhte,FALSE,Manhatã,,6,track,spotify:track:0KouIeNu9SFVYThaTyEhte,https://open.spotify.com/track/0KouIeNu9SFVYThaTyEhte,14,Caetano Veloso Live At Carnegie Hall With David Byrne
Caetano Veloso e David Byrne,1,151013,FALSE,https://api.spotify.com/v1/tracks/63Vb9cLz6wvCn8eCZWRSPL,63Vb9cLz6wvCn8eCZWRSPL,FALSE,The Revolution,,7,track,spotify:track:63Vb9cLz6wvCn8eCZWRSPL,https://open.spotify.com/track/63Vb9cLz6wvCn8eCZWRSPL,14,Caetano Veloso Live At Carnegie Hall With David Byrne
Caetano Veloso e David Byrne,1,110653,FALSE,https://api.spotify.com/v1/tracks/17SDIcnTldpI8X3xM5zX8A,17SDIcnTldpI8X3xM5zX8A,FALSE,Everyone's In Love With You,,8,track,spotify:track:17SDIcnTldpI8X3xM5zX8A,https://open.spotify.com/track/17SDIcnTldpI8X3xM5zX8A,17,Caetano Veloso Live At Carnegie Hall With David Byrne
Caetano Veloso e David Byrne,1,236920,FALSE,https://api.spotify.com/v1/tracks/3dgkJx7GgL0ikDg1dv064r,3dgkJx7GgL0ikDg1dv064r,FALSE,And She Was,,9,track,spotify:track:3dgkJx7GgL0ikDg1dv064r,https://open.spotify.com/track/3dgkJx7GgL0ikDg1dv064r,18,Caetano Veloso Live At Carnegie Hall With David Byrne
Caetano Veloso e David Byrne,1,202080,FALSE,https://api.spotify.com/v1/tracks/0RojzVns8bCZqKWZJnDmkx,0RojzVns8bCZqKWZJnDmkx,FALSE,She Only Sleeps,,10,track,spotify:track:0RojzVns8bCZqKWZJnDmkx,https://open.spotify.com/track/0RojzVns8bCZqKWZJnDmkx,13,Caetano Veloso Live At Carnegie Hall With David Byrne
Caetano Veloso e David Byrne,1,259533,FALSE,https://api.spotify.com/v1/tracks/6jtw9furRkIPYrRIOLQ1Yo,6jtw9furRkIPYrRIOLQ1Yo,FALSE,Life During Wartime,,11,track,spotify:track:6jtw9furRkIPYrRIOLQ1Yo,https://open.spotify.com/track/6jtw9furRkIPYrRIOLQ1Yo,13,Caetano Veloso Live At Carnegie Hall With David Byrne
Caetano Veloso e David Byrne,1,267386,FALSE,https://api.spotify.com/v1/tracks/19Zl6Jcux1ezrZBAI1JTOl,19Zl6Jcux1ezrZBAI1JTOl,FALSE,God's Child,,12,track,spotify:track:19Zl6Jcux1ezrZBAI1JTOl,https://open.spotify.com/track/19Zl6Jcux1ezrZBAI1JTOl,12,Caetano Veloso Live At Carnegie Hall With David Byrne
Caetano Veloso e David Byrne,1,223720,FALSE,https://api.spotify.com/v1/tracks/5NfCoubtyc3xMoQyxzuD0Z,5NfCoubtyc3xMoQyxzuD0Z,FALSE,Road To Nowhere,,13,track,spotify:track:5NfCoubtyc3xMoQyxzuD0Z,https://open.spotify.com/track/5NfCoubtyc3xMoQyxzuD0Z,18,Caetano Veloso Live At Carnegie Hall With David Byrne
Caetano Veloso e David Byrne,1,294693,FALSE,https://api.spotify.com/v1/tracks/6kBll2DapR2SoffqJM1yDQ,6kBll2DapR2SoffqJM1yDQ,FALSE,Dreamworld: Marco De Canavezes,,14,track,spotify:track:6kBll2DapR2SoffqJM1yDQ,https://open.spotify.com/track/6kBll2DapR2SoffqJM1yDQ,14,Caetano Veloso Live At Carnegie Hall With David Byrne
Caetano Veloso e David Byrne,1,214960,FALSE,https://api.spotify.com/v1/tracks/74zVbtxIwwDN9fl189qWsK,74zVbtxIwwDN9fl189qWsK,FALSE,Um Canto De Afoxé Para O Bloco Do Ilê,,15,track,spotify:track:74zVbtxIwwDN9fl189qWsK,https://open.spotify.com/track/74zVbtxIwwDN9fl189qWsK,14,Caetano Veloso Live At Carnegie Hall With David Byrne
Caetano Veloso e David Byrne,1,298786,FALSE,https://api.spotify.com/v1/tracks/6VUIPeAz40AHXam5nKnahw,6VUIPeAz40AHXam5nKnahw,FALSE,(Nothing But) Flowers,,16,track,spotify:track:6VUIPeAz40AHXam5nKnahw,https://open.spotify.com/track/6VUIPeAz40AHXam5nKnahw,16,Caetano Veloso Live At Carnegie Hall With David Byrne
Caetano Veloso e David Byrne,1,354786,FALSE,https://api.spotify.com/v1/tracks/7JyJSeONuGPEpQYc6chqiL,7JyJSeONuGPEpQYc6chqiL,FALSE,Terra,,17,track,spotify:track:7JyJSeONuGPEpQYc6chqiL,https://open.spotify.com/track/7JyJSeONuGPEpQYc6chqiL,13,Caetano Veloso Live At Carnegie Hall With David Byrne
Caetano Veloso e David Byrne,1,236173,FALSE,https://api.spotify.com/v1/tracks/5QmNjetsXIjeqOW4oUXudL,5QmNjetsXIjeqOW4oUXudL,FALSE,Heaven,,18,track,spotify:track:5QmNjetsXIjeqOW4oUXudL,https://open.spotify.com/track/5QmNjetsXIjeqOW4oUXudL,14,Caetano Veloso Live At Carnegie Hall With David Byrne
Caetano Veloso,1,409533,FALSE,https://api.spotify.com/v1/tracks/6tdc9lc3D09lYTMYsRllzU,6tdc9lc3D09lYTMYsRllzU,FALSE,Perdeu,,1,track,spotify:track:6tdc9lc3D09lYTMYsRllzU,https://open.spotify.com/track/6tdc9lc3D09lYTMYsRllzU,16,Zii & Zie
Caetano Veloso,1,156733,FALSE,https://api.spotify.com/v1/tracks/303h7ekhSBv9VGY39DhK6j,303h7ekhSBv9VGY39DhK6j,FALSE,Sem Cais,,2,track,spotify:track:303h7ekhSBv9VGY39DhK6j,https://open.spotify.com/track/303h7ekhSBv9VGY39DhK6j,23,Zii & Zie
Caetano Veloso,1,343280,FALSE,https://api.spotify.com/v1/tracks/1o263hGLPBAua4pz6ilTp6,1o263hGLPBAua4pz6ilTp6,FALSE,Por Quem?,,3,track,spotify:track:1o263hGLPBAua4pz6ilTp6,https://open.spotify.com/track/1o263hGLPBAua4pz6ilTp6,15,Zii & Zie
Caetano Veloso,1,245426,FALSE,https://api.spotify.com/v1/tracks/3GN71QglIS4CQIG4kEDxje,3GN71QglIS4CQIG4kEDxje,FALSE,Lobão Tem Razão,,4,track,spotify:track:3GN71QglIS4CQIG4kEDxje,https://open.spotify.com/track/3GN71QglIS4CQIG4kEDxje,13,Zii & Zie
Caetano Veloso,1,134960,FALSE,https://api.spotify.com/v1/tracks/27K4mdCjnU8KAXyAYur2UC,27K4mdCjnU8KAXyAYur2UC,FALSE,A Cor Amarela,,5,track,spotify:track:27K4mdCjnU8KAXyAYur2UC,https://open.spotify.com/track/27K4mdCjnU8KAXyAYur2UC,29,Zii & Zie
Caetano Veloso,1,261680,FALSE,https://api.spotify.com/v1/tracks/08fCwASvRdXxFIPolRLqqi,08fCwASvRdXxFIPolRLqqi,FALSE,Base De Guantánamo,,6,track,spotify:track:08fCwASvRdXxFIPolRLqqi,https://open.spotify.com/track/08fCwASvRdXxFIPolRLqqi,15,Zii & Zie
Caetano Veloso,1,162746,FALSE,https://api.spotify.com/v1/tracks/5bKT2VwAjBbjMsuu1hffJG,5bKT2VwAjBbjMsuu1hffJG,FALSE,Falso Leblon,,7,track,spotify:track:5bKT2VwAjBbjMsuu1hffJG,https://open.spotify.com/track/5bKT2VwAjBbjMsuu1hffJG,13,Zii & Zie
Caetano Veloso,1,326053,FALSE,https://api.spotify.com/v1/tracks/4lwzdY0WZoFu5ftyEA3T63,4lwzdY0WZoFu5ftyEA3T63,FALSE,Incompatibilidade De Gênios,,8,track,spotify:track:4lwzdY0WZoFu5ftyEA3T63,https://open.spotify.com/track/4lwzdY0WZoFu5ftyEA3T63,14,Zii & Zie
Caetano Veloso,1,271493,FALSE,https://api.spotify.com/v1/tracks/0aURW6ARiWqmhOsyLkRMcg,0aURW6ARiWqmhOsyLkRMcg,FALSE,Tarado Ni Você,,9,track,spotify:track:0aURW6ARiWqmhOsyLkRMcg,https://open.spotify.com/track/0aURW6ARiWqmhOsyLkRMcg,22,Zii & Zie
Caetano Veloso,1,139746,FALSE,https://api.spotify.com/v1/tracks/1xBQLU4z5BPL9Owkmx0cB0,1xBQLU4z5BPL9Owkmx0cB0,FALSE,Menina Da Ria,,10,track,spotify:track:1xBQLU4z5BPL9Owkmx0cB0,https://open.spotify.com/track/1xBQLU4z5BPL9Owkmx0cB0,11,Zii & Zie
Caetano Veloso,1,234933,FALSE,https://api.spotify.com/v1/tracks/2q4Kmogw3izvcAHC62hYNh,2q4Kmogw3izvcAHC62hYNh,FALSE,Ingenuidade,,11,track,spotify:track:2q4Kmogw3izvcAHC62hYNh,https://open.spotify.com/track/2q4Kmogw3izvcAHC62hYNh,12,Zii & Zie
Caetano Veloso,1,279666,FALSE,https://api.spotify.com/v1/tracks/2IWoLpa9PKjjtCmMTof78e,2IWoLpa9PKjjtCmMTof78e,FALSE,Lapa,,12,track,spotify:track:2IWoLpa9PKjjtCmMTof78e,https://open.spotify.com/track/2IWoLpa9PKjjtCmMTof78e,12,Zii & Zie
Caetano Veloso,1,163680,FALSE,https://api.spotify.com/v1/tracks/3dTbiPXAmoEd3gqtsOxd2o,3dTbiPXAmoEd3gqtsOxd2o,FALSE,Diferentemente,,13,track,spotify:track:3dTbiPXAmoEd3gqtsOxd2o,https://open.spotify.com/track/3dTbiPXAmoEd3gqtsOxd2o,14,Zii & Zie
Caetano Veloso,1,227786,FALSE,https://api.spotify.com/v1/tracks/50t2auAkE1NqfR73xHqekt,50t2auAkE1NqfR73xHqekt,FALSE,Milagre Do Povo,,1,track,spotify:track:50t2auAkE1NqfR73xHqekt,https://open.spotify.com/track/50t2auAkE1NqfR73xHqekt,27,Certeza Da Beleza
Caetano Veloso,1,247266,FALSE,https://api.spotify.com/v1/tracks/362iq1vtqWi0KzuHATwjK5,362iq1vtqWi0KzuHATwjK5,FALSE,Falou Amizade,,2,track,spotify:track:362iq1vtqWi0KzuHATwjK5,https://open.spotify.com/track/362iq1vtqWi0KzuHATwjK5,17,Certeza Da Beleza
Vinicius Cantuaria e Caetano Veloso,1,175160,FALSE,https://api.spotify.com/v1/tracks/0Vv8f2RJPgfTRrZum83sCe,0Vv8f2RJPgfTRrZum83sCe,FALSE,Banda Nova,,3,track,spotify:track:0Vv8f2RJPgfTRrZum83sCe,https://open.spotify.com/track/0Vv8f2RJPgfTRrZum83sCe,8,Certeza Da Beleza
Caetano Veloso e Chico Buarque,1,188333,FALSE,https://api.spotify.com/v1/tracks/7kkvvOeSmanovDFjeKuQWV,7kkvvOeSmanovDFjeKuQWV,FALSE,Festa Imodesta - Live,,4,track,spotify:track:7kkvvOeSmanovDFjeKuQWV,https://open.spotify.com/track/7kkvvOeSmanovDFjeKuQWV,0,Certeza Da Beleza
Marçal e Caetano Veloso,1,204506,FALSE,https://api.spotify.com/v1/tracks/4OJ3GCNVzcl6FFOG8b9TpJ,4OJ3GCNVzcl6FFOG8b9TpJ,FALSE,Peço À Deus,,5,track,spotify:track:4OJ3GCNVzcl6FFOG8b9TpJ,https://open.spotify.com/track/4OJ3GCNVzcl6FFOG8b9TpJ,15,Certeza Da Beleza
Caetano Veloso,1,123933,FALSE,https://api.spotify.com/v1/tracks/5evdqQS3SgeQwvV5QcZZdo,5evdqQS3SgeQwvV5QcZZdo,FALSE,Cidade Maravilhosa,,6,track,spotify:track:5evdqQS3SgeQwvV5QcZZdo,https://open.spotify.com/track/5evdqQS3SgeQwvV5QcZZdo,17,Certeza Da Beleza
Caetano Veloso,1,244400,FALSE,https://api.spotify.com/v1/tracks/2scQlgNx0lkVMGmnBHpxQb,2scQlgNx0lkVMGmnBHpxQb,FALSE,Isto Aqui O Que E,,7,track,spotify:track:2scQlgNx0lkVMGmnBHpxQb,https://open.spotify.com/track/2scQlgNx0lkVMGmnBHpxQb,29,Certeza Da Beleza
Caetano Veloso e Telma Costa,1,184826,FALSE,https://api.spotify.com/v1/tracks/5lNMQ7x7xlRK38QxQjbMzF,5lNMQ7x7xlRK38QxQjbMzF,FALSE,Certeza Da Beleza,,8,track,spotify:track:5lNMQ7x7xlRK38QxQjbMzF,https://open.spotify.com/track/5lNMQ7x7xlRK38QxQjbMzF,1,Certeza Da Beleza
Eugenia Melo E Castro e Caetano Veloso,1,254866,FALSE,https://api.spotify.com/v1/tracks/5EyMrOqggw2P8xaajjuUQO,5EyMrOqggw2P8xaajjuUQO,FALSE,Coração Imprevisto,,9,track,spotify:track:5EyMrOqggw2P8xaajjuUQO,https://open.spotify.com/track/5EyMrOqggw2P8xaajjuUQO,0,Certeza Da Beleza
Caetano Veloso e Marito Correa e Banda Cooperativa,1,239706,FALSE,https://api.spotify.com/v1/tracks/0NCtLVPOK5Yb6GppydN6s8,0NCtLVPOK5Yb6GppydN6s8,FALSE,Asa Delta,https://p.scdn.co/mp3-preview/014dd391209a8104b35cd0dd94a2a1b42e8849e1?cid=bed096ba738b4beaa51cf1bf50ceed15,10,track,spotify:track:0NCtLVPOK5Yb6GppydN6s8,https://open.spotify.com/track/0NCtLVPOK5Yb6GppydN6s8,0,Certeza Da Beleza
Luiz Caldas e Caetano Veloso,1,197360,FALSE,https://api.spotify.com/v1/tracks/5D9KymtVCdFETkKqDYi08g,5D9KymtVCdFETkKqDYi08g,FALSE,E Tao Bom,,11,track,spotify:track:5D9KymtVCdFETkKqDYi08g,https://open.spotify.com/track/5D9KymtVCdFETkKqDYi08g,34,Certeza Da Beleza
Caetano Veloso e Carlos Mendes,1,237200,FALSE,https://api.spotify.com/v1/tracks/0BOoKkzK4hHGrpigcHZpf9,0BOoKkzK4hHGrpigcHZpf9,FALSE,Velhicidade,,12,track,spotify:track:0BOoKkzK4hHGrpigcHZpf9,https://open.spotify.com/track/0BOoKkzK4hHGrpigcHZpf9,0,Certeza Da Beleza
Caetano Veloso e Beto Guedes,1,212000,FALSE,https://api.spotify.com/v1/tracks/1PRFNnGrIuQL07A8FeHoOw,1PRFNnGrIuQL07A8FeHoOw,FALSE,Luz E Mistério - Live,,13,track,spotify:track:1PRFNnGrIuQL07A8FeHoOw,https://open.spotify.com/track/1PRFNnGrIuQL07A8FeHoOw,18,Certeza Da Beleza
Caetano Veloso,1,206000,FALSE,https://api.spotify.com/v1/tracks/2fjVJvo2xv2YjB6bka3OmY,2fjVJvo2xv2YjB6bka3OmY,FALSE,Preciso Aprender A Só Ser,,14,track,spotify:track:2fjVJvo2xv2YjB6bka3OmY,https://open.spotify.com/track/2fjVJvo2xv2YjB6bka3OmY,15,Certeza Da Beleza
Péricles Cavalcanti e Caetano Veloso,1,176666,FALSE,https://api.spotify.com/v1/tracks/1ggXbk48vl2d6wdcKiGgOP,1ggXbk48vl2d6wdcKiGgOP,FALSE,Meu Bolero,,15,track,spotify:track:1ggXbk48vl2d6wdcKiGgOP,https://open.spotify.com/track/1ggXbk48vl2d6wdcKiGgOP,7,Certeza Da Beleza
Milton Nascimento e Caetano Veloso,1,206773,FALSE,https://api.spotify.com/v1/tracks/3mxT9fCdDedRJc6zi2wgTO,3mxT9fCdDedRJc6zi2wgTO,FALSE,As Várias Pontas De Uma Estrela,,16,track,spotify:track:3mxT9fCdDedRJc6zi2wgTO,https://open.spotify.com/track/3mxT9fCdDedRJc6zi2wgTO,9,Certeza Da Beleza
Caetano Veloso,1,171400,FALSE,https://api.spotify.com/v1/tracks/562HNLcuYwedxL2zOIk8G7,562HNLcuYwedxL2zOIk8G7,FALSE,Acalanto,,17,track,spotify:track:562HNLcuYwedxL2zOIk8G7,https://open.spotify.com/track/562HNLcuYwedxL2zOIk8G7,0,Certeza Da Beleza
Caetano Veloso,1,186026,FALSE,https://api.spotify.com/v1/tracks/6Oc2DMOnSUHXJhjweTNj4s,6Oc2DMOnSUHXJhjweTNj4s,FALSE,Pra Valer,,18,track,spotify:track:6Oc2DMOnSUHXJhjweTNj4s,https://open.spotify.com/track/6Oc2DMOnSUHXJhjweTNj4s,6,Certeza Da Beleza
Caetano Veloso e Chico Buarque e Rita Lee e Luiz Caldas,1,123200,FALSE,https://api.spotify.com/v1/tracks/7JO8hXRATBy40A4Xb5cWj9,7JO8hXRATBy40A4Xb5cWj9,FALSE,Merda - Live,,19,track,spotify:track:7JO8hXRATBy40A4Xb5cWj9,https://open.spotify.com/track/7JO8hXRATBy40A4Xb5cWj9,0,Certeza Da Beleza
Caetano Veloso,1,255813,FALSE,https://api.spotify.com/v1/tracks/6d8qSV2vWrpu03aDco7iHq,6d8qSV2vWrpu03aDco7iHq,FALSE,Noites Olindenses,,20,track,spotify:track:6d8qSV2vWrpu03aDco7iHq,https://open.spotify.com/track/6d8qSV2vWrpu03aDco7iHq,0,Certeza Da Beleza
Caetano Veloso,1,214880,FALSE,https://api.spotify.com/v1/tracks/3L26RD8gBH1WHCRKgwSBE0,3L26RD8gBH1WHCRKgwSBE0,FALSE,Luz Do Sol,,1,track,spotify:track:3L26RD8gBH1WHCRKgwSBE0,https://open.spotify.com/track/3L26RD8gBH1WHCRKgwSBE0,16,Caetano Veloso Naturalmente
Caetano Veloso,1,206760,FALSE,https://api.spotify.com/v1/tracks/5J5XdxZTokjzvaKCWVGdF6,5J5XdxZTokjzvaKCWVGdF6,FALSE,Beleza Pura - Remixed Original Album,,2,track,spotify:track:5J5XdxZTokjzvaKCWVGdF6,https://open.spotify.com/track/5J5XdxZTokjzvaKCWVGdF6,30,Caetano Veloso Naturalmente
Caetano Veloso,1,185573,FALSE,https://api.spotify.com/v1/tracks/0vjLxXBJsqXdw1xjM7Skvq,0vjLxXBJsqXdw1xjM7Skvq,FALSE,O Leãozinho - Remixed Original Album,,3,track,spotify:track:0vjLxXBJsqXdw1xjM7Skvq,https://open.spotify.com/track/0vjLxXBJsqXdw1xjM7Skvq,14,Caetano Veloso Naturalmente
Caetano Veloso,1,186626,FALSE,https://api.spotify.com/v1/tracks/0HdjpQXDnlGCp0II1BRcau,0HdjpQXDnlGCp0II1BRcau,FALSE,Samba De Verão,,4,track,spotify:track:0HdjpQXDnlGCp0II1BRcau,https://open.spotify.com/track/0HdjpQXDnlGCp0II1BRcau,41,Caetano Veloso Naturalmente
Caetano Veloso,1,182133,FALSE,https://api.spotify.com/v1/tracks/0raaP45pGhe03dlsE43jO4,0raaP45pGhe03dlsE43jO4,FALSE,Menino Do Rio - Ao Vivo,,5,track,spotify:track:0raaP45pGhe03dlsE43jO4,https://open.spotify.com/track/0raaP45pGhe03dlsE43jO4,13,Caetano Veloso Naturalmente
Caetano Veloso,1,401600,FALSE,https://api.spotify.com/v1/tracks/0rHl1OP3Iv1GDd14ub6cNJ,0rHl1OP3Iv1GDd14ub6cNJ,FALSE,Terra - Remixed Original Album,,6,track,spotify:track:0rHl1OP3Iv1GDd14ub6cNJ,https://open.spotify.com/track/0rHl1OP3Iv1GDd14ub6cNJ,13,Caetano Veloso Naturalmente
Caetano Veloso,1,215173,FALSE,https://api.spotify.com/v1/tracks/4zLV60GOGbp5bjZPVbJwgb,4zLV60GOGbp5bjZPVbJwgb,FALSE,Gente - Remixed Original Album,,7,track,spotify:track:4zLV60GOGbp5bjZPVbJwgb,https://open.spotify.com/track/4zLV60GOGbp5bjZPVbJwgb,13,Caetano Veloso Naturalmente
Caetano Veloso,1,194066,FALSE,https://api.spotify.com/v1/tracks/032FH6GMDj9bg0rFci7rVY,032FH6GMDj9bg0rFci7rVY,FALSE,Qualquer Coisa - Remixed Original Album,,8,track,spotify:track:032FH6GMDj9bg0rFci7rVY,https://open.spotify.com/track/032FH6GMDj9bg0rFci7rVY,31,Caetano Veloso Naturalmente
Caetano Veloso,1,251026,FALSE,https://api.spotify.com/v1/tracks/101A9RJHX2leiUKu7lSAwM,101A9RJHX2leiUKu7lSAwM,FALSE,Tigresa - Ao Vivo,,9,track,spotify:track:101A9RJHX2leiUKu7lSAwM,https://open.spotify.com/track/101A9RJHX2leiUKu7lSAwM,12,Caetano Veloso Naturalmente
Caetano Veloso,1,144640,FALSE,https://api.spotify.com/v1/tracks/1rmH01zUJDXrxTJoVW255Z,1rmH01zUJDXrxTJoVW255Z,FALSE,Trem Das Cores - Remixed Original Album,,10,track,spotify:track:1rmH01zUJDXrxTJoVW255Z,https://open.spotify.com/track/1rmH01zUJDXrxTJoVW255Z,15,Caetano Veloso Naturalmente
Caetano Veloso,1,220746,FALSE,https://api.spotify.com/v1/tracks/2D9YocZIEyAdqd1WRsvDCW,2D9YocZIEyAdqd1WRsvDCW,FALSE,Meia Lua Inteira,,11,track,spotify:track:2D9YocZIEyAdqd1WRsvDCW,https://open.spotify.com/track/2D9YocZIEyAdqd1WRsvDCW,32,Caetano Veloso Naturalmente
Caetano Veloso,1,293346,FALSE,https://api.spotify.com/v1/tracks/4vc5vHRRJNkCFczreSva3O,4vc5vHRRJNkCFczreSva3O,FALSE,Voce E Linda - Remixed Original Album,,12,track,spotify:track:4vc5vHRRJNkCFczreSva3O,https://open.spotify.com/track/4vc5vHRRJNkCFczreSva3O,13,Caetano Veloso Naturalmente
Caetano Veloso,1,138640,FALSE,https://api.spotify.com/v1/tracks/46bSZ4Dnl7fhWp6jSN2dTN,46bSZ4Dnl7fhWp6jSN2dTN,FALSE,Cajuina - Live At Teatro Nuovo / 1997,,13,track,spotify:track:46bSZ4Dnl7fhWp6jSN2dTN,https://open.spotify.com/track/46bSZ4Dnl7fhWp6jSN2dTN,31,Caetano Veloso Naturalmente
Caetano Veloso,1,205760,FALSE,https://api.spotify.com/v1/tracks/7AybvxYDzR2i5jMraTEiup,7AybvxYDzR2i5jMraTEiup,FALSE,Oração Ao Tempo - Remixed Original Album,,14,track,spotify:track:7AybvxYDzR2i5jMraTEiup,https://open.spotify.com/track/7AybvxYDzR2i5jMraTEiup,24,Caetano Veloso Naturalmente
Caetano Veloso,1,346466,FALSE,https://api.spotify.com/v1/tracks/5mQiAI0EhTJxCBGdftoaO7,5mQiAI0EhTJxCBGdftoaO7,FALSE,O Ciúme - Remixed Original Album,,15,track,spotify:track:5mQiAI0EhTJxCBGdftoaO7,https://open.spotify.com/track/5mQiAI0EhTJxCBGdftoaO7,10,Caetano Veloso Naturalmente
Caetano Veloso e Gal Costa e Gilberto Gil e Maria Bethânia,1,280480,FALSE,https://api.spotify.com/v1/tracks/22JMVwJKSGgZz7o4cBKHaa,22JMVwJKSGgZz7o4cBKHaa,FALSE,Um Índio - Ao Vivo No Rio De Janeiro / 1976,,16,track,spotify:track:22JMVwJKSGgZz7o4cBKHaa,https://open.spotify.com/track/22JMVwJKSGgZz7o4cBKHaa,26,Caetano Veloso Naturalmente
Caetano Veloso,1,187040,FALSE,https://api.spotify.com/v1/tracks/4Yrr3JJwdYCtHiTYYBilrk,4Yrr3JJwdYCtHiTYYBilrk,FALSE,Outro - Live,,1,track,spotify:track:4Yrr3JJwdYCtHiTYYBilrk,https://open.spotify.com/track/4Yrr3JJwdYCtHiTYYBilrk,8,Multishow Ao Vivo - Cê
Caetano Veloso,1,378986,FALSE,https://api.spotify.com/v1/tracks/3FoirrXoMcLnegxokwzxGH,3FoirrXoMcLnegxokwzxGH,FALSE,Minhas Lágrimas - Live,,2,track,spotify:track:3FoirrXoMcLnegxokwzxGH,https://open.spotify.com/track/3FoirrXoMcLnegxokwzxGH,7,Multishow Ao Vivo - Cê
Caetano Veloso,1,262360,FALSE,https://api.spotify.com/v1/tracks/6H6kSJCVbev3psF3bb4iNW,6H6kSJCVbev3psF3bb4iNW,FALSE,Chão Da Praça - Live,,3,track,spotify:track:6H6kSJCVbev3psF3bb4iNW,https://open.spotify.com/track/6H6kSJCVbev3psF3bb4iNW,12,Multishow Ao Vivo - Cê
Caetano Veloso,1,224600,FALSE,https://api.spotify.com/v1/tracks/78x9A4XzeBM7dD0WTBPbPG,78x9A4XzeBM7dD0WTBPbPG,FALSE,Nine Out Of Ten - Live,,4,track,spotify:track:78x9A4XzeBM7dD0WTBPbPG,https://open.spotify.com/track/78x9A4XzeBM7dD0WTBPbPG,11,Multishow Ao Vivo - Cê
Caetano Veloso,1,249120,FALSE,https://api.spotify.com/v1/tracks/4a4ncdwxG3xjSvD53SdC6k,4a4ncdwxG3xjSvD53SdC6k,FALSE,Um Tom - Live,,5,track,spotify:track:4a4ncdwxG3xjSvD53SdC6k,https://open.spotify.com/track/4a4ncdwxG3xjSvD53SdC6k,7,Multishow Ao Vivo - Cê
Caetano Veloso,1,345013,FALSE,https://api.spotify.com/v1/tracks/1qjcSp91ENtISAbQABLDvj,1qjcSp91ENtISAbQABLDvj,FALSE,O Homem Velho - Live,,6,track,spotify:track:1qjcSp91ENtISAbQABLDvj,https://open.spotify.com/track/1qjcSp91ENtISAbQABLDvj,9,Multishow Ao Vivo - Cê
Caetano Veloso,1,292000,FALSE,https://api.spotify.com/v1/tracks/6nAJtf4KAiZlxSoyHWkw9C,6nAJtf4KAiZlxSoyHWkw9C,FALSE,Homem - Live,,7,track,spotify:track:6nAJtf4KAiZlxSoyHWkw9C,https://open.spotify.com/track/6nAJtf4KAiZlxSoyHWkw9C,7,Multishow Ao Vivo - Cê
Caetano Veloso,1,282080,FALSE,https://api.spotify.com/v1/tracks/59dVGu0o0qaGs9e8O99ggd,59dVGu0o0qaGs9e8O99ggd,FALSE,Amor Mais Que Discreto / Introdução: Ilusão À Toa - Live,,8,track,spotify:track:59dVGu0o0qaGs9e8O99ggd,https://open.spotify.com/track/59dVGu0o0qaGs9e8O99ggd,13,Multishow Ao Vivo - Cê
Caetano Veloso,1,345480,FALSE,https://api.spotify.com/v1/tracks/6zJGDzaLvyA2wRQZBvb1v1,6zJGDzaLvyA2wRQZBvb1v1,FALSE,Odeio - Live,,9,track,spotify:track:6zJGDzaLvyA2wRQZBvb1v1,https://open.spotify.com/track/6zJGDzaLvyA2wRQZBvb1v1,9,Multishow Ao Vivo - Cê
Caetano Veloso,1,242613,FALSE,https://api.spotify.com/v1/tracks/2v2MpkUtSMdi9rmO3bFp6t,2v2MpkUtSMdi9rmO3bFp6t,FALSE,Como 2 E 2 - Live,,10,track,spotify:track:2v2MpkUtSMdi9rmO3bFp6t,https://open.spotify.com/track/2v2MpkUtSMdi9rmO3bFp6t,25,Multishow Ao Vivo - Cê
Caetano Veloso,1,220920,FALSE,https://api.spotify.com/v1/tracks/5dB8mYjaxPDiuoHjZN1Rnz,5dB8mYjaxPDiuoHjZN1Rnz,FALSE,Sampa - Live,,11,track,spotify:track:5dB8mYjaxPDiuoHjZN1Rnz,https://open.spotify.com/track/5dB8mYjaxPDiuoHjZN1Rnz,9,Multishow Ao Vivo - Cê
Caetano Veloso,1,309186,FALSE,https://api.spotify.com/v1/tracks/5moTIhasKrs8K2Vmei3pvI,5moTIhasKrs8K2Vmei3pvI,FALSE,Desde Que O Samba E Samba - Live,,12,track,spotify:track:5moTIhasKrs8K2Vmei3pvI,https://open.spotify.com/track/5moTIhasKrs8K2Vmei3pvI,10,Multishow Ao Vivo - Cê
Caetano Veloso,1,238400,FALSE,https://api.spotify.com/v1/tracks/6Pq3HefkI048Mj9v6KN5hR,6Pq3HefkI048Mj9v6KN5hR,FALSE,Não Me Arrependo - Live,,13,track,spotify:track:6Pq3HefkI048Mj9v6KN5hR,https://open.spotify.com/track/6Pq3HefkI048Mj9v6KN5hR,10,Multishow Ao Vivo - Cê
Caetano Veloso,1,236840,FALSE,https://api.spotify.com/v1/tracks/3CRZHtOrq313tfBujrkYoK,3CRZHtOrq313tfBujrkYoK,FALSE,London London - Live,,14,track,spotify:track:3CRZHtOrq313tfBujrkYoK,https://open.spotify.com/track/3CRZHtOrq313tfBujrkYoK,10,Multishow Ao Vivo - Cê
Caetano Veloso,1,300106,FALSE,https://api.spotify.com/v1/tracks/2qrtDZQ2b8ldkdbiye5XKx,2qrtDZQ2b8ldkdbiye5XKx,FALSE,Fora Da Ordem - Live,,15,track,spotify:track:2qrtDZQ2b8ldkdbiye5XKx,https://open.spotify.com/track/2qrtDZQ2b8ldkdbiye5XKx,12,Multishow Ao Vivo - Cê
Caetano Veloso,1,243240,FALSE,https://api.spotify.com/v1/tracks/2wJpWmDS8IXuKT0BaPsQsr,2wJpWmDS8IXuKT0BaPsQsr,FALSE,Rocks - Live,,16,track,spotify:track:2wJpWmDS8IXuKT0BaPsQsr,https://open.spotify.com/track/2wJpWmDS8IXuKT0BaPsQsr,8,Multishow Ao Vivo - Cê
Caetano Veloso,1,253960,FALSE,https://api.spotify.com/v1/tracks/11382EGelHRunX6FretJlU,11382EGelHRunX6FretJlU,FALSE,You Don't Know Me - Live,,17,track,spotify:track:11382EGelHRunX6FretJlU,https://open.spotify.com/track/11382EGelHRunX6FretJlU,15,Multishow Ao Vivo - Cê
Caetano Veloso,1,244786,FALSE,https://api.spotify.com/v1/tracks/30kC9oiM8lhVii5vBUnH9z,30kC9oiM8lhVii5vBUnH9z,FALSE,London London,,1,track,spotify:track:30kC9oiM8lhVii5vBUnH9z,https://open.spotify.com/track/30kC9oiM8lhVii5vBUnH9z,19,Língua
Caetano Veloso,1,269373,FALSE,https://api.spotify.com/v1/tracks/2QNoZUovvbslfOBkbqFnIM,2QNoZUovvbslfOBkbqFnIM,FALSE,Nine Out Of Ten,,2,track,spotify:track:2QNoZUovvbslfOBkbqFnIM,https://open.spotify.com/track/2QNoZUovvbslfOBkbqFnIM,13,Língua
Caetano Veloso,1,149733,FALSE,https://api.spotify.com/v1/tracks/3OsS3mCEpDA6LlOeWO7z7j,3OsS3mCEpDA6LlOeWO7z7j,FALSE,Cambalache - Remastered 2006,,3,track,spotify:track:3OsS3mCEpDA6LlOeWO7z7j,https://open.spotify.com/track/3OsS3mCEpDA6LlOeWO7z7j,10,Língua
Caetano Veloso,1,201466,FALSE,https://api.spotify.com/v1/tracks/5fSLfQqYqmo7sQQ7CcjysW,5fSLfQqYqmo7sQQ7CcjysW,FALSE,Let It Bleed,,4,track,spotify:track:5fSLfQqYqmo7sQQ7CcjysW,https://open.spotify.com/track/5fSLfQqYqmo7sQQ7CcjysW,11,Língua
Caetano Veloso,1,148626,FALSE,https://api.spotify.com/v1/tracks/1Rp3f3KIUDopUW1228k2HD,1Rp3f3KIUDopUW1228k2HD,FALSE,Help - Remixed Original Album,,5,track,spotify:track:1Rp3f3KIUDopUW1228k2HD,https://open.spotify.com/track/1Rp3f3KIUDopUW1228k2HD,10,Língua
Caetano Veloso,1,410120,FALSE,https://api.spotify.com/v1/tracks/2ZqC2gtTzU2wu7wowz8033,2ZqC2gtTzU2wu7wowz8033,FALSE,Maria Bethânia,,6,track,spotify:track:2ZqC2gtTzU2wu7wowz8033,https://open.spotify.com/track/2ZqC2gtTzU2wu7wowz8033,12,Língua
Caetano Veloso,1,155346,FALSE,https://api.spotify.com/v1/tracks/5h4H1IvRE2jnYQidomQDOd,5h4H1IvRE2jnYQidomQDOd,FALSE,Fina Estampa,,7,track,spotify:track:5h4H1IvRE2jnYQidomQDOd,https://open.spotify.com/track/5h4H1IvRE2jnYQidomQDOd,14,Língua
Caetano Veloso e Cauby Peixoto,1,232520,FALSE,https://api.spotify.com/v1/tracks/7LhC6e7nUEZRuMQFO79Nqb,7LhC6e7nUEZRuMQFO79Nqb,FALSE,Cheek To Cheek,,8,track,spotify:track:7LhC6e7nUEZRuMQFO79Nqb,https://open.spotify.com/track/7LhC6e7nUEZRuMQFO79Nqb,14,Língua
Caetano Veloso,1,177333,FALSE,https://api.spotify.com/v1/tracks/6kWwdmNNuoZcMS6TBynDWA,6kWwdmNNuoZcMS6TBynDWA,FALSE,Dans Mon Ile - Remixed Original Album,,9,track,spotify:track:6kWwdmNNuoZcMS6TBynDWA,https://open.spotify.com/track/6kWwdmNNuoZcMS6TBynDWA,12,Língua
Caetano Veloso,1,224200,FALSE,https://api.spotify.com/v1/tracks/3BFyDs9Lx2fAbBUw1eZ1vf,3BFyDs9Lx2fAbBUw1eZ1vf,FALSE,Michaelangelo Antonioni,,10,track,spotify:track:3BFyDs9Lx2fAbBUw1eZ1vf,https://open.spotify.com/track/3BFyDs9Lx2fAbBUw1eZ1vf,7,Língua
Caetano Veloso,1,157066,FALSE,https://api.spotify.com/v1/tracks/0i30qs7Xq7ZQAVivqlRGua,0i30qs7Xq7ZQAVivqlRGua,FALSE,Vete De Mi,,11,track,spotify:track:0i30qs7Xq7ZQAVivqlRGua,https://open.spotify.com/track/0i30qs7Xq7ZQAVivqlRGua,10,Língua
Caetano Veloso,1,256480,FALSE,https://api.spotify.com/v1/tracks/4Dd05oDn1rYrndMWAG3cer,4Dd05oDn1rYrndMWAG3cer,FALSE,Come As You Are,,12,track,spotify:track:4Dd05oDn1rYrndMWAG3cer,https://open.spotify.com/track/4Dd05oDn1rYrndMWAG3cer,13,Língua
Caetano Veloso,1,92400,FALSE,https://api.spotify.com/v1/tracks/5IMQU3NJ56yD054Hk5YKmi,5IMQU3NJ56yD054Hk5YKmi,FALSE,Estranha Forma De Vida - Live,,13,track,spotify:track:5IMQU3NJ56yD054Hk5YKmi,https://open.spotify.com/track/5IMQU3NJ56yD054Hk5YKmi,9,Língua
Caetano Veloso e Elza Soares,1,250106,FALSE,https://api.spotify.com/v1/tracks/3XHZGfGYP5nTiDu8iXy3QL,3XHZGfGYP5nTiDu8iXy3QL,FALSE,Lingua,,14,track,spotify:track:3XHZGfGYP5nTiDu8iXy3QL,https://open.spotify.com/track/3XHZGfGYP5nTiDu8iXy3QL,26,Língua
Caetano Veloso,1,126253,FALSE,https://api.spotify.com/v1/tracks/1boijNvv75437s5TnvJ8Dw,1boijNvv75437s5TnvJ8Dw,FALSE,Samba Em Paz,,1,track,spotify:track:1boijNvv75437s5TnvJ8Dw,https://open.spotify.com/track/1boijNvv75437s5TnvJ8Dw,0,Cinema Olympia - Caetano Raro & Inédito 67-74
Caetano Veloso,1,169173,FALSE,https://api.spotify.com/v1/tracks/5lfY0E6rTCoyT6xVMtKOQY,5lfY0E6rTCoyT6xVMtKOQY,FALSE,Cavaleiro,,2,track,spotify:track:5lfY0E6rTCoyT6xVMtKOQY,https://open.spotify.com/track/5lfY0E6rTCoyT6xVMtKOQY,0,Cinema Olympia - Caetano Raro & Inédito 67-74
Caetano Veloso,1,123506,FALSE,https://api.spotify.com/v1/tracks/20ONkZ6FlQ2iaK3WVxXIUh,20ONkZ6FlQ2iaK3WVxXIUh,FALSE,"Yes, Nós Temos Banana",,3,track,spotify:track:20ONkZ6FlQ2iaK3WVxXIUh,https://open.spotify.com/track/20ONkZ6FlQ2iaK3WVxXIUh,10,Cinema Olympia - Caetano Raro & Inédito 67-74
Caetano Veloso,1,160680,FALSE,https://api.spotify.com/v1/tracks/5CnDCdlods5MkCt7DOr72r,5CnDCdlods5MkCt7DOr72r,FALSE,"Ai De Mim, Copacabana",,4,track,spotify:track:5CnDCdlods5MkCt7DOr72r,https://open.spotify.com/track/5CnDCdlods5MkCt7DOr72r,11,Cinema Olympia - Caetano Raro & Inédito 67-74
Caetano Veloso e Os Mutantes,1,613973,FALSE,https://api.spotify.com/v1/tracks/4zTjoiwEMmgQICf4krcDMc,4zTjoiwEMmgQICf4krcDMc,FALSE,É Proibido Proibir - Ambiente De Festival Com Discurso,,5,track,spotify:track:4zTjoiwEMmgQICf4krcDMc,https://open.spotify.com/track/4zTjoiwEMmgQICf4krcDMc,25,Cinema Olympia - Caetano Raro & Inédito 67-74
Caetano Veloso e Os Mutantes,1,177906,FALSE,https://api.spotify.com/v1/tracks/0TCJwreZ3AIW7bbPSlHPA6,0TCJwreZ3AIW7bbPSlHPA6,FALSE,A Voz Do Morto,,6,track,spotify:track:0TCJwreZ3AIW7bbPSlHPA6,https://open.spotify.com/track/0TCJwreZ3AIW7bbPSlHPA6,13,Cinema Olympia - Caetano Raro & Inédito 67-74
Caetano Veloso e Os Mutantes,1,250933,FALSE,https://api.spotify.com/v1/tracks/1tUZOu3WGC8aSaZ84oyGDf,1tUZOu3WGC8aSaZ84oyGDf,FALSE,Baby,,7,track,spotify:track:1tUZOu3WGC8aSaZ84oyGDf,https://open.spotify.com/track/1tUZOu3WGC8aSaZ84oyGDf,22,Cinema Olympia - Caetano Raro & Inédito 67-74
Caetano Veloso e Os Mutantes,1,198213,FALSE,https://api.spotify.com/v1/tracks/1rcxp2P86XYYg1r4ulqaG9,1rcxp2P86XYYg1r4ulqaG9,FALSE,Saudosismo,,8,track,spotify:track:1rcxp2P86XYYg1r4ulqaG9,https://open.spotify.com/track/1rcxp2P86XYYg1r4ulqaG9,11,Cinema Olympia - Caetano Raro & Inédito 67-74
Caetano Veloso e Os Mutantes,1,191506,FALSE,https://api.spotify.com/v1/tracks/4ihu4aMqxxFRU8P9J2ZVgu,4ihu4aMqxxFRU8P9J2ZVgu,FALSE,Marcianita,,9,track,spotify:track:4ihu4aMqxxFRU8P9J2ZVgu,https://open.spotify.com/track/4ihu4aMqxxFRU8P9J2ZVgu,15,Cinema Olympia - Caetano Raro & Inédito 67-74
Caetano Veloso,1,197986,FALSE,https://api.spotify.com/v1/tracks/0DR9OBCAyABe5EMRek3UQU,0DR9OBCAyABe5EMRek3UQU,FALSE,Torno À Repetir,,10,track,spotify:track:0DR9OBCAyABe5EMRek3UQU,https://open.spotify.com/track/0DR9OBCAyABe5EMRek3UQU,12,Cinema Olympia - Caetano Raro & Inédito 67-74
Caetano Veloso,1,217666,FALSE,https://api.spotify.com/v1/tracks/4OAYs99X9i247dst8woILh,4OAYs99X9i247dst8woILh,FALSE,Cinema Olympia,,11,track,spotify:track:4OAYs99X9i247dst8woILh,https://open.spotify.com/track/4OAYs99X9i247dst8woILh,10,Cinema Olympia - Caetano Raro & Inédito 67-74
Caetano Veloso,1,194853,FALSE,https://api.spotify.com/v1/tracks/65w9dXKRtG54JLTkP5xB3R,65w9dXKRtG54JLTkP5xB3R,FALSE,Hino Do Esporte Clube Bahia,,12,track,spotify:track:65w9dXKRtG54JLTkP5xB3R,https://open.spotify.com/track/65w9dXKRtG54JLTkP5xB3R,7,Cinema Olympia - Caetano Raro & Inédito 67-74
Caetano Veloso e Jorge Ben Jor,1,280640,FALSE,https://api.spotify.com/v1/tracks/5T8DIyGEG50OwoxoW0l56X,5T8DIyGEG50OwoxoW0l56X,FALSE,"Charles, Anjo 45",,13,track,spotify:track:5T8DIyGEG50OwoxoW0l56X,https://open.spotify.com/track/5T8DIyGEG50OwoxoW0l56X,15,Cinema Olympia - Caetano Raro & Inédito 67-74
Caetano Veloso,1,209840,FALSE,https://api.spotify.com/v1/tracks/6MFbbguTjvEgeXuiwr9zWR,6MFbbguTjvEgeXuiwr9zWR,FALSE,Barão Beleza,,14,track,spotify:track:6MFbbguTjvEgeXuiwr9zWR,https://open.spotify.com/track/6MFbbguTjvEgeXuiwr9zWR,5,Cinema Olympia - Caetano Raro & Inédito 67-74
Caetano Veloso,1,115866,FALSE,https://api.spotify.com/v1/tracks/16tJx4wVR8eWaHMfbSwawl,16tJx4wVR8eWaHMfbSwawl,FALSE,"Pula, Pula (Salto De Sapato)",,15,track,spotify:track:16tJx4wVR8eWaHMfbSwawl,https://open.spotify.com/track/16tJx4wVR8eWaHMfbSwawl,4,Cinema Olympia - Caetano Raro & Inédito 67-74
Caetano Veloso,1,177400,FALSE,https://api.spotify.com/v1/tracks/4nbhZnAno4KmOdoum2ACHL,4nbhZnAno4KmOdoum2ACHL,FALSE,É Coisa Do Destino,,16,track,spotify:track:4nbhZnAno4KmOdoum2ACHL,https://open.spotify.com/track/4nbhZnAno4KmOdoum2ACHL,6,Cinema Olympia - Caetano Raro & Inédito 67-74
Caetano Veloso,1,183826,FALSE,https://api.spotify.com/v1/tracks/1Sj01w29evMWJMOiUFpEtR,1Sj01w29evMWJMOiUFpEtR,FALSE,Frevo Do Trio Elétrico,,17,track,spotify:track:1Sj01w29evMWJMOiUFpEtR,https://open.spotify.com/track/1Sj01w29evMWJMOiUFpEtR,8,Cinema Olympia - Caetano Raro & Inédito 67-74
Caetano Veloso,1,252133,FALSE,https://api.spotify.com/v1/tracks/6cywi63lmxoOmMKsr7aKGY,6cywi63lmxoOmMKsr7aKGY,FALSE,Tudo Se Transformou,,18,track,spotify:track:6cywi63lmxoOmMKsr7aKGY,https://open.spotify.com/track/6cywi63lmxoOmMKsr7aKGY,7,Cinema Olympia - Caetano Raro & Inédito 67-74
Caetano Veloso,1,213066,FALSE,https://api.spotify.com/v1/tracks/7ITYGRwimCdCDyyPn1Y8oq,7ITYGRwimCdCDyyPn1Y8oq,FALSE,Mamãe Natureza,,1,track,spotify:track:7ITYGRwimCdCDyyPn1Y8oq,https://open.spotify.com/track/7ITYGRwimCdCDyyPn1Y8oq,29,Pipoca Moderna - Caetano Raro E Inédito 2
Caetano Veloso e Gal Costa e Gilberto Gil e Maria Bethânia,1,275333,FALSE,https://api.spotify.com/v1/tracks/1CsT2tN0pa90c3OHhzzCcj,1CsT2tN0pa90c3OHhzzCcj,FALSE,Chuck Berry Fields Forever - Ao Vivo No Rio De Janeiro / 1976,,2,track,spotify:track:1CsT2tN0pa90c3OHhzzCcj,https://open.spotify.com/track/1CsT2tN0pa90c3OHhzzCcj,12,Pipoca Moderna - Caetano Raro E Inédito 2
Caetano Veloso e Gal Costa e Gilberto Gil e Maria Bethânia,1,179813,FALSE,https://api.spotify.com/v1/tracks/444BFhXz5Jl32PEX5kp4Zl,444BFhXz5Jl32PEX5kp4Zl,FALSE,"São João, Xangô Menino - Ao Vivo No Rio De Janeiro / 1976",,3,track,spotify:track:444BFhXz5Jl32PEX5kp4Zl,https://open.spotify.com/track/444BFhXz5Jl32PEX5kp4Zl,13,Pipoca Moderna - Caetano Raro E Inédito 2
Caetano Veloso e Gal Costa e Gilberto Gil e Maria Bethânia,1,249026,FALSE,https://api.spotify.com/v1/tracks/7HLUt5vchKEeNhyG0K6fxV,7HLUt5vchKEeNhyG0K6fxV,FALSE,O Seu Amor - Ao Vivo No Rio De Janeiro / 1976,,4,track,spotify:track:7HLUt5vchKEeNhyG0K6fxV,https://open.spotify.com/track/7HLUt5vchKEeNhyG0K6fxV,12,Pipoca Moderna - Caetano Raro E Inédito 2
Caetano Veloso,1,201973,FALSE,https://api.spotify.com/v1/tracks/7kGILVCYeFKtYr9E14bBLd,7kGILVCYeFKtYr9E14bBLd,FALSE,Let It Bleed,,5,track,spotify:track:7kGILVCYeFKtYr9E14bBLd,https://open.spotify.com/track/7kGILVCYeFKtYr9E14bBLd,10,Pipoca Moderna - Caetano Raro E Inédito 2
Caetano Veloso,1,402706,FALSE,https://api.spotify.com/v1/tracks/0FxZ0msKLch2FmxoLwuuRr,0FxZ0msKLch2FmxoLwuuRr,FALSE,Por Causa De Você / Uma Casa Portuguesa / Felicidade - Medley,,6,track,spotify:track:0FxZ0msKLch2FmxoLwuuRr,https://open.spotify.com/track/0FxZ0msKLch2FmxoLwuuRr,12,Pipoca Moderna - Caetano Raro E Inédito 2
Caetano Veloso,1,267986,FALSE,https://api.spotify.com/v1/tracks/0HtnKl3BtknWN0YOlkvEfH,0HtnKl3BtknWN0YOlkvEfH,FALSE,Amante Amado,,7,track,spotify:track:0HtnKl3BtknWN0YOlkvEfH,https://open.spotify.com/track/0HtnKl3BtknWN0YOlkvEfH,25,Pipoca Moderna - Caetano Raro E Inédito 2
Caetano Veloso,1,178440,FALSE,https://api.spotify.com/v1/tracks/4LWjZXvMewM6pisB08iSGW,4LWjZXvMewM6pisB08iSGW,FALSE,Pecado Original,,8,track,spotify:track:4LWjZXvMewM6pisB08iSGW,https://open.spotify.com/track/4LWjZXvMewM6pisB08iSGW,22,Pipoca Moderna - Caetano Raro E Inédito 2
Caetano Veloso,1,116106,FALSE,https://api.spotify.com/v1/tracks/0Wp64ivG105zEiN1qI2Obc,0Wp64ivG105zEiN1qI2Obc,FALSE,A Rã,,9,track,spotify:track:0Wp64ivG105zEiN1qI2Obc,https://open.spotify.com/track/0Wp64ivG105zEiN1qI2Obc,24,Pipoca Moderna - Caetano Raro E Inédito 2
Caetano Veloso,1,63333,FALSE,https://api.spotify.com/v1/tracks/3W53tq7RuFBQydfrJjAwE3,3W53tq7RuFBQydfrJjAwE3,FALSE,Diamante Verdadeiro,,10,track,spotify:track:3W53tq7RuFBQydfrJjAwE3,https://open.spotify.com/track/3W53tq7RuFBQydfrJjAwE3,18,Pipoca Moderna - Caetano Raro E Inédito 2
Caetano Veloso,1,199200,FALSE,https://api.spotify.com/v1/tracks/7AauImLDYx59us6wZN28oV,7AauImLDYx59us6wZN28oV,FALSE,O Bater Do Tambor,,11,track,spotify:track:7AauImLDYx59us6wZN28oV,https://open.spotify.com/track/7AauImLDYx59us6wZN28oV,10,Pipoca Moderna - Caetano Raro E Inédito 2
Caetano Veloso,1,169346,FALSE,https://api.spotify.com/v1/tracks/0i6newx94IXCHE3iaI4bCm,0i6newx94IXCHE3iaI4bCm,FALSE,Samba Da Cabeça,,12,track,spotify:track:0i6newx94IXCHE3iaI4bCm,https://open.spotify.com/track/0i6newx94IXCHE3iaI4bCm,10,Pipoca Moderna - Caetano Raro E Inédito 2
Caetano Veloso,1,184533,FALSE,https://api.spotify.com/v1/tracks/2diG7kkXn4UZs3bmhOonwi,2diG7kkXn4UZs3bmhOonwi,FALSE,Massa Real,,13,track,spotify:track:2diG7kkXn4UZs3bmhOonwi,https://open.spotify.com/track/2diG7kkXn4UZs3bmhOonwi,11,Pipoca Moderna - Caetano Raro E Inédito 2
Caetano Veloso,1,174706,FALSE,https://api.spotify.com/v1/tracks/6833UqKdLImyWZl9vFYFas,6833UqKdLImyWZl9vFYFas,FALSE,Bom É Batuta,,14,track,spotify:track:6833UqKdLImyWZl9vFYFas,https://open.spotify.com/track/6833UqKdLImyWZl9vFYFas,0,Pipoca Moderna - Caetano Raro E Inédito 2
Caetano Veloso,1,83480,FALSE,https://api.spotify.com/v1/tracks/5LzNbHhTiiTng6NJRYEs0d,5LzNbHhTiiTng6NJRYEs0d,FALSE,Encantado (Nature Boy),,15,track,spotify:track:5LzNbHhTiiTng6NJRYEs0d,https://open.spotify.com/track/5LzNbHhTiiTng6NJRYEs0d,13,Pipoca Moderna - Caetano Raro E Inédito 2
Caetano Veloso,1,235106,FALSE,https://api.spotify.com/v1/tracks/07RmlagDDL3hJKs99Pyytd,07RmlagDDL3hJKs99Pyytd,FALSE,Escândalo,,16,track,spotify:track:07RmlagDDL3hJKs99Pyytd,https://open.spotify.com/track/07RmlagDDL3hJKs99Pyytd,23,Pipoca Moderna - Caetano Raro E Inédito 2
Caetano Veloso,1,218586,FALSE,https://api.spotify.com/v1/tracks/4U6cbuCtNq5n7y1WkEDzLl,4U6cbuCtNq5n7y1WkEDzLl,FALSE,Pipoca Moderna,,17,track,spotify:track:4U6cbuCtNq5n7y1WkEDzLl,https://open.spotify.com/track/4U6cbuCtNq5n7y1WkEDzLl,12,Pipoca Moderna - Caetano Raro E Inédito 2
Caetano Veloso,1,239906,FALSE,https://api.spotify.com/v1/tracks/3430lP1y0CcFIIH9HcJjVT,3430lP1y0CcFIIH9HcJjVT,FALSE,Armandinho,,18,track,spotify:track:3430lP1y0CcFIIH9HcJjVT,https://open.spotify.com/track/3430lP1y0CcFIIH9HcJjVT,6,Pipoca Moderna - Caetano Raro E Inédito 2
Caetano Veloso,1,218560,FALSE,https://api.spotify.com/v1/tracks/1o9c6KUT9THeZX1LBgNqwW,1o9c6KUT9THeZX1LBgNqwW,FALSE,Luz Do Sol,,19,track,spotify:track:1o9c6KUT9THeZX1LBgNqwW,https://open.spotify.com/track/1o9c6KUT9THeZX1LBgNqwW,11,Pipoca Moderna - Caetano Raro E Inédito 2
Caetano Veloso,1,180160,FALSE,https://api.spotify.com/v1/tracks/0tgV9Ug4eRHHltEospm8ml,0tgV9Ug4eRHHltEospm8ml,FALSE,Outro,,1,track,spotify:track:0tgV9Ug4eRHHltEospm8ml,https://open.spotify.com/track/0tgV9Ug4eRHHltEospm8ml,18,Cê
Caetano Veloso,1,309253,FALSE,https://api.spotify.com/v1/tracks/7LefONK1AXjZ61o5DVkx2B,7LefONK1AXjZ61o5DVkx2B,FALSE,Minhas Lágrimas,,2,track,spotify:track:7LefONK1AXjZ61o5DVkx2B,https://open.spotify.com/track/7LefONK1AXjZ61o5DVkx2B,18,Cê
Caetano Veloso,1,216773,FALSE,https://api.spotify.com/v1/tracks/7qSET5VWW8ZUaXkVUu5DNt,7qSET5VWW8ZUaXkVUu5DNt,FALSE,Rocks,,3,track,spotify:track:7qSET5VWW8ZUaXkVUu5DNt,https://open.spotify.com/track/7qSET5VWW8ZUaXkVUu5DNt,20,Cê
Caetano Veloso,1,226333,FALSE,https://api.spotify.com/v1/tracks/0l96H3R41ZWcQ1FRDFkssd,0l96H3R41ZWcQ1FRDFkssd,FALSE,Deusa Urbana,,4,track,spotify:track:0l96H3R41ZWcQ1FRDFkssd,https://open.spotify.com/track/0l96H3R41ZWcQ1FRDFkssd,28,Cê
Caetano Veloso,1,204173,FALSE,https://api.spotify.com/v1/tracks/56gKjGgDCwyUkKicC1QG8k,56gKjGgDCwyUkKicC1QG8k,FALSE,Waly Salomão,,5,track,spotify:track:56gKjGgDCwyUkKicC1QG8k,https://open.spotify.com/track/56gKjGgDCwyUkKicC1QG8k,15,Cê
Caetano Veloso,1,248800,FALSE,https://api.spotify.com/v1/tracks/2YQ4FWq3Gyf4OFuTH3ZBmx,2YQ4FWq3Gyf4OFuTH3ZBmx,FALSE,Não Me Arrependo,,6,track,spotify:track:2YQ4FWq3Gyf4OFuTH3ZBmx,https://open.spotify.com/track/2YQ4FWq3Gyf4OFuTH3ZBmx,35,Cê
Caetano Veloso,1,261440,FALSE,https://api.spotify.com/v1/tracks/5qp19RA3SWqdslIHeDLDuL,5qp19RA3SWqdslIHeDLDuL,FALSE,Musa Híbrida,,7,track,spotify:track:5qp19RA3SWqdslIHeDLDuL,https://open.spotify.com/track/5qp19RA3SWqdslIHeDLDuL,17,Cê
Caetano Veloso,1,357213,FALSE,https://api.spotify.com/v1/tracks/0FI8znQEEUvo9V0NfeGECQ,0FI8znQEEUvo9V0NfeGECQ,FALSE,Odeio,,8,track,spotify:track:0FI8znQEEUvo9V0NfeGECQ,https://open.spotify.com/track/0FI8znQEEUvo9V0NfeGECQ,25,Cê
Caetano Veloso,1,286106,FALSE,https://api.spotify.com/v1/tracks/3HlhuaCDyK8rkPnXoOwyqI,3HlhuaCDyK8rkPnXoOwyqI,FALSE,Homem,,9,track,spotify:track:3HlhuaCDyK8rkPnXoOwyqI,https://open.spotify.com/track/3HlhuaCDyK8rkPnXoOwyqI,15,Cê
Caetano Veloso,1,233040,FALSE,https://api.spotify.com/v1/tracks/2pPXFFxFc3MFChoj9307GB,2pPXFFxFc3MFChoj9307GB,FALSE,Porquê?,,10,track,spotify:track:2pPXFFxFc3MFChoj9307GB,https://open.spotify.com/track/2pPXFFxFc3MFChoj9307GB,12,Cê
Caetano Veloso,1,200746,FALSE,https://api.spotify.com/v1/tracks/0uGvToisQxLfTKBE0H2u5b,0uGvToisQxLfTKBE0H2u5b,FALSE,Um Sonho,,11,track,spotify:track:0uGvToisQxLfTKBE0H2u5b,https://open.spotify.com/track/0uGvToisQxLfTKBE0H2u5b,13,Cê
Caetano Veloso,1,224186,FALSE,https://api.spotify.com/v1/tracks/6dFB4aO80NdXTrLj4Frj4P,6dFB4aO80NdXTrLj4Frj4P,FALSE,O Herói,,12,track,spotify:track:6dFB4aO80NdXTrLj4Frj4P,https://open.spotify.com/track/6dFB4aO80NdXTrLj4Frj4P,14,Cê
Caetano Veloso e José Miguel Wisnik,1,141653,FALSE,https://api.spotify.com/v1/tracks/0YHpEeFeRznRnDNV3X6Dw6,0YHpEeFeRznRnDNV3X6Dw6,FALSE,Fla-Flu,https://p.scdn.co/mp3-preview/2b166f0c5a6eff9df0b81a9af0def83ef4a5e8b1?cid=bed096ba738b4beaa51cf1bf50ceed15,1,track,spotify:track:0YHpEeFeRznRnDNV3X6Dw6,https://open.spotify.com/track/0YHpEeFeRznRnDNV3X6Dw6,14,Onqotô (Trilha Sonora Original do Espetáculo do Grupo Corpo)
Caetano Veloso e José Miguel Wisnik,1,263906,FALSE,https://api.spotify.com/v1/tracks/0dc8pYJKLLKvENqCIOCB9f,0dc8pYJKLLKvENqCIOCB9f,FALSE,É Só Isso,https://p.scdn.co/mp3-preview/970fe278b5ab61a6a4ad72dee110883c6cbf1e95?cid=bed096ba738b4beaa51cf1bf50ceed15,2,track,spotify:track:0dc8pYJKLLKvENqCIOCB9f,https://open.spotify.com/track/0dc8pYJKLLKvENqCIOCB9f,16,Onqotô (Trilha Sonora Original do Espetáculo do Grupo Corpo)
Caetano Veloso e José Miguel Wisnik,1,217626,FALSE,https://api.spotify.com/v1/tracks/37Kfupua3VphUKTw7PtSdM,37Kfupua3VphUKTw7PtSdM,FALSE,Madre Deus,https://p.scdn.co/mp3-preview/42c674e82396f74a59633b7fa0adfa41eb0ba4b8?cid=bed096ba738b4beaa51cf1bf50ceed15,3,track,spotify:track:37Kfupua3VphUKTw7PtSdM,https://open.spotify.com/track/37Kfupua3VphUKTw7PtSdM,13,Onqotô (Trilha Sonora Original do Espetáculo do Grupo Corpo)
Caetano Veloso e José Miguel Wisnik,1,327640,FALSE,https://api.spotify.com/v1/tracks/4KNbifPMD1UQgSUH8MiQuy,4KNbifPMD1UQgSUH8MiQuy,FALSE,A Cobra do Caos,https://p.scdn.co/mp3-preview/fd4f35d1e6e37ebe878a21242b867a97fead1bde?cid=bed096ba738b4beaa51cf1bf50ceed15,4,track,spotify:track:4KNbifPMD1UQgSUH8MiQuy,https://open.spotify.com/track/4KNbifPMD1UQgSUH8MiQuy,12,Onqotô (Trilha Sonora Original do Espetáculo do Grupo Corpo)
Caetano Veloso e José Miguel Wisnik,1,454586,FALSE,https://api.spotify.com/v1/tracks/6m7IQFAQ6QEhbM76A4RJG9,6m7IQFAQ6QEhbM76A4RJG9,FALSE,Mortal Loucura,https://p.scdn.co/mp3-preview/00d4608bf21b3abacb99d9815cc23dd608488996?cid=bed096ba738b4beaa51cf1bf50ceed15,5,track,spotify:track:6m7IQFAQ6QEhbM76A4RJG9,https://open.spotify.com/track/6m7IQFAQ6QEhbM76A4RJG9,23,Onqotô (Trilha Sonora Original do Espetáculo do Grupo Corpo)
Caetano Veloso e José Miguel Wisnik,1,297893,FALSE,https://api.spotify.com/v1/tracks/1jcWdR7xJrZI8cfLscvBU9,1jcWdR7xJrZI8cfLscvBU9,FALSE,Big Bang Bang,https://p.scdn.co/mp3-preview/8aa1934f5a60e2bf5839b8051e09a6401f9b8654?cid=bed096ba738b4beaa51cf1bf50ceed15,6,track,spotify:track:1jcWdR7xJrZI8cfLscvBU9,https://open.spotify.com/track/1jcWdR7xJrZI8cfLscvBU9,10,Onqotô (Trilha Sonora Original do Espetáculo do Grupo Corpo)
Caetano Veloso e José Miguel Wisnik,1,227373,FALSE,https://api.spotify.com/v1/tracks/099ZHQL9dBDO4reIuaTnxT,099ZHQL9dBDO4reIuaTnxT,FALSE,Tão Pequeno,https://p.scdn.co/mp3-preview/560da46bea6fba2491674badb4c6286e5ee70f83?cid=bed096ba738b4beaa51cf1bf50ceed15,7,track,spotify:track:099ZHQL9dBDO4reIuaTnxT,https://open.spotify.com/track/099ZHQL9dBDO4reIuaTnxT,11,Onqotô (Trilha Sonora Original do Espetáculo do Grupo Corpo)
Caetano Veloso e José Miguel Wisnik,1,281640,FALSE,https://api.spotify.com/v1/tracks/7L2zBvTuXXVdiowZm6imWS,7L2zBvTuXXVdiowZm6imWS,FALSE,Pesar do Mundo,https://p.scdn.co/mp3-preview/1f205f0c49c1e6c9051468fb837260cffc79ef3f?cid=bed096ba738b4beaa51cf1bf50ceed15,8,track,spotify:track:7L2zBvTuXXVdiowZm6imWS,https://open.spotify.com/track/7L2zBvTuXXVdiowZm6imWS,18,Onqotô (Trilha Sonora Original do Espetáculo do Grupo Corpo)
Caetano Veloso e José Miguel Wisnik,1,326426,FALSE,https://api.spotify.com/v1/tracks/3nu5cvUI7sMkfALbd7hj0y,3nu5cvUI7sMkfALbd7hj0y,FALSE,Onqotô,https://p.scdn.co/mp3-preview/38a706d89f9396a9013860e20f1fdc87a047ddb1?cid=bed096ba738b4beaa51cf1bf50ceed15,9,track,spotify:track:3nu5cvUI7sMkfALbd7hj0y,https://open.spotify.com/track/3nu5cvUI7sMkfALbd7hj0y,15,Onqotô (Trilha Sonora Original do Espetáculo do Grupo Corpo)
